tarih,tahmin,uretim,Q5,Q25,Q75,Q95
01.03.2024 00:00,1442.42,1402.03,0.00,0.00,0.00,0.00
01.03.2024 00:10,1446.00,1415.29,0.00,0.00,0.00,0.00
01.03.2024 00:20,1449.59,1411.72,0.00,0.00,0.00,0.00
01.03.2024 00:30,1453.17,1421.61,0.00,0.00,0.00,0.00
01.03.2024 00:40,1456.75,1484.59,0.00,0.00,0.00,0.00
01.03.2024 00:50,1460.33,1516.25,0.00,0.00,0.00,0.00
01.03.2024 01:00,1463.92,1571.40,0.00,0.00,0.00,0.00
01.03.2024 01:10,1479.16,1563.59,0.00,0.00,0.00,0.00
01.03.2024 01:20,1494.40,1605.20,0.00,0.00,0.00,0.00
01.03.2024 01:30,1509.64,1633.38,0.00,0.00,0.00,0.00
01.03.2024 01:40,1524.88,1646.16,0.00,0.00,0.00,0.00
01.03.2024 01:50,1540.12,1658.11,0.00,0.00,0.00,0.00
01.03.2024 02:00,1555.36,1725.06,0.00,0.00,0.00,0.00
01.03.2024 02:10,1570.44,1773.12,0.00,0.00,0.00,0.00
01.03.2024 02:20,1585.52,1778.19,0.00,0.00,0.00,0.00
01.03.2024 02:30,1600.60,1746.65,0.00,0.00,0.00,0.00
01.03.2024 02:40,1615.68,1732.90,0.00,0.00,0.00,0.00
01.03.2024 02:50,1630.75,1744.53,0.00,0.00,0.00,0.00
01.03.2024 03:00,1645.83,1762.56,0.00,0.00,0.00,0.00
01.03.2024 03:10,1647.51,1761.52,0.00,0.00,0.00,0.00
01.03.2024 03:20,1649.19,1815.07,0.00,0.00,0.00,0.00
01.03.2024 03:30,1650.87,1813.55,0.00,0.00,0.00,0.00
01.03.2024 03:40,1652.55,1802.61,0.00,0.00,0.00,0.00
01.03.2024 03:50,1654.23,1782.59,0.00,0.00,0.00,0.00
01.03.2024 04:00,1655.91,1806.21,416.27,1149.92,2168.41,2902.06
01.03.2024 04:10,1653.53,1796.63,414.66,1148.30,2166.78,2900.42
01.03.2024 04:20,1651.15,1805.24,413.05,1146.68,2165.15,2898.78
01.03.2024 04:30,1648.78,1801.31,411.44,1145.06,2163.51,2897.13
01.03.2024 04:40,1646.40,1759.28,409.83,1143.44,2161.88,2895.49
01.03.2024 04:50,1644.02,1759.98,408.22,1141.82,2160.25,2893.85
01.03.2024 05:00,1641.65,1758.23,406.60,1140.20,2158.62,2892.21
01.03.2024 05:10,1649.85,1752.84,414.12,1147.74,2166.20,2899.82
01.03.2024 05:20,1658.05,1713.63,421.64,1155.29,2173.78,2907.42
01.03.2024 05:30,1666.26,1659.84,429.16,1162.83,2181.36,2915.03
01.03.2024 05:40,1674.46,1648.87,436.67,1170.37,2188.94,2922.64
01.03.2024 05:50,1682.66,1619.37,444.19,1177.92,2196.52,2930.25
01.03.2024 06:00,1690.87,1589.89,451.71,1185.46,2204.10,2937.85
01.03.2024 06:10,1679.92,1627.78,440.14,1173.86,2192.44,2926.16
01.03.2024 06:20,1668.97,1680.64,428.57,1162.25,2180.79,2914.46
01.03.2024 06:30,1658.02,1726.83,417.01,1150.65,2169.13,2902.77
01.03.2024 06:40,1647.08,1734.14,405.44,1139.04,2157.47,2891.07
01.03.2024 06:50,1636.13,1700.69,393.87,1127.43,2145.81,2879.38
01.03.2024 07:00,1625.18,1694.59,382.30,1115.83,2134.16,2867.68
01.03.2024 07:10,1626.10,1715.68,384.23,1117.95,2136.55,2870.27
01.03.2024 07:20,1627.02,1657.59,386.17,1120.08,2138.94,2872.85
01.03.2024 07:30,1627.94,1628.35,388.10,1122.20,2141.33,2875.43
01.03.2024 07:40,1628.86,1612.27,390.03,1124.32,2143.72,2878.01
01.03.2024 07:50,1629.78,1601.22,391.96,1126.45,2146.11,2880.59
01.03.2024 08:00,1630.70,1550.97,393.89,1128.57,2148.49,2883.17
01.03.2024 08:10,1629.54,1532.68,390.15,1125.67,2146.77,2882.30
01.03.2024 08:20,1628.37,1530.78,386.40,1122.77,2145.05,2881.43
01.03.2024 08:30,1627.20,1596.16,382.65,1119.88,2143.33,2880.56
01.03.2024 08:40,1626.03,1643.53,378.91,1116.98,2141.61,2879.69
01.03.2024 08:50,1624.87,1702.79,375.16,1114.08,2139.89,2878.82
01.03.2024 09:00,1623.70,1711.62,371.41,1111.18,2138.17,2877.94
01.03.2024 09:10,1625.51,1708.43,373.16,1113.60,2141.52,2881.96
01.03.2024 09:20,1627.33,1734.53,374.91,1116.02,2144.86,2885.97
01.03.2024 09:30,1629.14,1738.89,376.67,1118.44,2148.21,2889.98
01.03.2024 09:40,1630.96,1750.25,378.42,1120.85,2151.55,2893.99
01.03.2024 09:50,1632.77,1749.17,380.17,1123.27,2154.90,2898.00
01.03.2024 10:00,1634.59,1732.40,381.92,1125.69,2158.24,2902.01
01.03.2024 10:10,1676.57,1719.55,420.78,1166.17,2200.96,2946.34
01.03.2024 10:20,1718.56,1705.50,459.64,1206.64,2243.67,2990.67
01.03.2024 10:30,1760.54,1707.25,498.50,1247.12,2286.38,3035.00
01.03.2024 10:40,1802.53,1747.15,537.37,1287.59,2329.10,3079.33
01.03.2024 10:50,1844.52,1778.02,576.23,1328.07,2371.81,3123.65
01.03.2024 11:00,1886.50,1767.11,615.09,1368.54,2414.53,3167.98
01.03.2024 11:10,1929.89,1757.52,655.73,1410.68,2458.76,3213.71
01.03.2024 11:20,1973.27,1778.71,696.37,1452.83,2502.98,3259.44
01.03.2024 11:30,2016.66,1761.17,737.01,1494.97,2547.21,3305.17
01.03.2024 11:40,2060.04,1750.71,777.65,1537.11,2591.44,3350.89
01.03.2024 11:50,2103.42,1738.29,818.29,1579.25,2635.66,3396.62
01.03.2024 12:00,2146.81,1747.38,858.93,1621.39,2679.89,3442.35
01.03.2024 12:10,2149.06,1732.87,860.45,1623.34,2682.43,3445.32
01.03.2024 12:20,2151.30,1741.45,861.98,1625.29,2684.97,3448.28
01.03.2024 12:30,2153.55,1766.73,863.50,1627.24,2687.51,3451.25
01.03.2024 12:40,2155.80,1789.83,865.03,1629.19,2690.05,3454.22
01.03.2024 12:50,2158.05,1752.32,866.55,1631.14,2692.59,3457.18
01.03.2024 13:00,2160.29,1748.90,868.08,1633.09,2695.13,3460.15
01.03.2024 13:10,2161.33,1716.18,865.93,1632.43,2696.53,3463.03
01.03.2024 13:20,2162.37,1666.61,863.78,1631.77,2697.93,3465.91
01.03.2024 13:30,2163.40,1668.26,861.64,1631.10,2699.33,3468.79
01.03.2024 13:40,2164.44,1675.63,859.49,1630.44,2700.72,3471.67
01.03.2024 13:50,2165.47,1655.17,857.34,1629.78,2702.12,3474.56
01.03.2024 14:00,2166.51,1656.85,855.20,1629.12,2703.52,3477.44
01.03.2024 14:10,2166.24,1662.85,856.27,1630.00,2704.13,3477.86
01.03.2024 14:20,2165.97,1614.30,857.34,1630.88,2704.75,3478.29
01.03.2024 14:30,2165.70,1583.57,858.42,1631.76,2705.36,3478.71
01.03.2024 14:40,2165.43,1557.77,859.49,1632.64,2705.98,3479.13
01.03.2024 14:50,2165.16,1543.74,860.56,1633.52,2706.59,3479.56
01.03.2024 15:00,2164.89,1486.73,861.63,1634.40,2707.21,3479.98
01.03.2024 15:10,2162.31,1463.50,859.21,1630.90,2702.21,3473.91
01.03.2024 15:20,2159.73,1437.86,856.78,1627.40,2697.22,3467.84
01.03.2024 15:30,2157.15,1389.10,854.35,1623.90,2692.22,3461.77
01.03.2024 15:40,2154.57,1364.46,851.92,1620.39,2687.23,3455.70
01.03.2024 15:50,2151.99,1368.64,849.50,1616.89,2682.23,3449.62
01.03.2024 16:00,2149.41,1382.46,847.07,1613.39,2677.24,3443.55
01.03.2024 16:10,2175.45,1404.65,871.49,1638.47,2703.24,3470.23
01.03.2024 16:20,2201.50,1402.17,895.90,1663.55,2729.25,3496.91
01.03.2024 16:30,2227.54,1396.33,920.31,1688.63,2755.26,3523.58
01.03.2024 16:40,2253.58,1402.19,944.73,1713.72,2781.27,3550.26
01.03.2024 16:50,2279.63,1438.56,969.14,1738.80,2807.28,3576.93
01.03.2024 17:00,2305.67,1447.62,993.56,1763.88,2833.29,3603.61
01.03.2024 17:10,2321.81,1446.92,1013.24,1782.67,2850.84,3620.27
01.03.2024 17:20,2337.95,1439.86,1032.92,1801.46,2868.39,3636.93
01.03.2024 17:30,2354.10,1440.54,1052.60,1820.24,2885.94,3653.59
01.03.2024 17:40,2370.24,1420.41,1072.28,1839.03,2903.49,3670.24
01.03.2024 17:50,2386.38,1410.66,1091.96,1857.82,2921.04,3686.90
01.03.2024 18:00,2402.52,1456.51,1111.64,1876.61,2938.59,3703.56
01.03.2024 18:10,2447.93,1491.38,1158.07,1922.52,2983.79,3748.24
01.03.2024 18:20,2493.33,1502.83,1204.50,1968.44,3028.98,3792.92
01.03.2024 18:30,2538.74,1524.49,1250.94,2014.35,3074.18,3837.59
01.03.2024 18:40,2584.14,1535.35,1297.37,2060.27,3119.37,3882.27
01.03.2024 18:50,2629.55,1526.18,1343.80,2106.18,3164.57,3926.95
01.03.2024 19:00,2674.96,1534.94,1390.24,2152.10,3209.76,3971.63
01.03.2024 19:10,2692.88,1559.15,1408.20,2170.93,3229.79,3992.52
01.03.2024 19:20,2710.81,1619.48,1426.16,2189.76,3249.83,4013.42
01.03.2024 19:30,2728.74,1641.44,1444.12,2208.58,3269.86,4034.32
01.03.2024 19:40,2746.66,1660.33,1462.08,2227.41,3289.89,4055.22
01.03.2024 19:50,2764.59,1678.30,1480.04,2246.24,3309.92,4076.12
01.03.2024 20:00,2782.52,1720.70,1498.00,2265.07,3329.95,4097.01
01.03.2024 20:10,2820.97,1718.44,1535.69,2302.88,3367.94,4135.12
01.03.2024 20:20,2859.42,1724.03,1573.37,2340.69,3405.92,4173.24
01.03.2024 20:30,2897.87,1712.46,1611.06,2378.50,3443.91,4211.35
01.03.2024 20:40,2936.32,1725.04,1648.74,2416.31,3481.89,4249.46
01.03.2024 20:50,2974.77,1719.80,1686.42,2454.12,3519.88,4287.57
01.03.2024 21:00,3013.22,1745.08,1724.11,2491.93,3557.86,4325.68
01.03.2024 21:10,2991.46,1730.51,1702.97,2470.49,3536.01,4303.54
01.03.2024 21:20,2969.70,1717.01,1681.83,2449.06,3514.16,4281.39
01.03.2024 21:30,2947.94,1714.69,1660.69,2427.62,3492.31,4259.24
01.03.2024 21:40,2926.18,1708.07,1639.56,2406.18,3470.46,4237.09
01.03.2024 21:50,2904.42,1726.96,1618.42,2384.75,3448.62,4214.95
01.03.2024 22:00,2882.66,1740.67,1597.28,2363.31,3426.77,4192.80
01.03.2024 22:10,2899.33,1757.70,1613.39,2379.24,3442.44,4208.30
01.03.2024 22:20,2916.00,1764.56,1629.49,2395.17,3458.12,4223.80
01.03.2024 22:30,2932.66,1734.52,1645.60,2411.10,3473.80,4239.30
01.03.2024 22:40,2949.33,1741.15,1661.71,2427.02,3489.48,4254.79
01.03.2024 22:50,2966.00,1756.76,1677.81,2442.95,3505.16,4270.29
01.03.2024 23:00,2982.66,1853.19,1693.92,2458.88,3520.84,4285.79
01.03.2024 23:10,3014.55,1877.25,1713.21,2478.93,3541.94,4307.65
01.03.2024 23:20,3046.43,1884.98,1732.50,2498.97,3563.03,4329.51
01.03.2024 23:30,3078.32,1865.45,1751.80,2519.02,3584.13,4351.36
01.03.2024 23:40,3110.20,1874.34,1771.09,2539.07,3605.23,4373.22
01.03.2024 23:50,3142.09,1838.71,1790.38,2559.12,3626.33,4395.07
02.03.2024 00:00,3173.97,1841.66,1809.67,2579.17,3647.43,4416.93
02.03.2024 00:10,3177.57,1881.62,1799.50,2568.87,3636.96,4406.32
02.03.2024 00:20,3181.17,1921.54,1789.33,2558.57,3626.48,4395.72
02.03.2024 00:30,3184.77,1935.98,1779.15,2548.27,3616.00,4385.11
02.03.2024 00:40,3188.38,1940.94,1768.98,2537.97,3605.52,4374.50
02.03.2024 00:50,3191.98,1932.62,1758.81,2527.67,3595.04,4363.90
02.03.2024 01:00,3195.58,1928.04,1748.63,2517.36,3584.56,4353.29
02.03.2024 01:10,3224.49,1915.98,1784.25,2555.14,3625.34,4396.23
02.03.2024 01:20,3253.39,1989.93,1819.86,2592.91,3666.11,4439.16
02.03.2024 01:30,3282.30,1966.65,1855.47,2630.69,3706.88,4482.10
02.03.2024 01:40,3311.21,2037.03,1891.09,2668.46,3747.66,4525.03
02.03.2024 01:50,3340.12,2126.17,1926.70,2706.23,3788.43,4567.97
02.03.2024 02:00,3369.02,2218.16,1962.31,2744.01,3829.21,4610.90
02.03.2024 02:10,3373.40,2296.84,1954.62,2736.66,3822.33,4604.37
02.03.2024 02:20,3377.78,2355.69,1946.93,2729.31,3815.46,4597.84
02.03.2024 02:30,3382.16,2430.20,1939.24,2721.96,3808.58,4591.31
02.03.2024 02:40,3386.54,2431.24,1931.55,2714.61,3801.71,4584.77
02.03.2024 02:50,3390.92,2485.50,1923.86,2707.27,3794.83,4578.24
02.03.2024 03:00,3395.30,2548.77,1916.17,2699.92,3787.96,4571.71
02.03.2024 03:10,3367.58,2519.05,1927.09,2703.50,3781.35,4557.75
02.03.2024 03:20,3339.86,2462.59,1938.01,2707.07,3774.73,4543.79
02.03.2024 03:30,3312.14,2328.45,1948.93,2710.65,3768.12,4529.84
02.03.2024 03:40,3284.42,2252.90,1959.85,2714.23,3761.50,4515.88
02.03.2024 03:50,3256.70,2281.43,1970.77,2717.81,3754.89,4501.93
02.03.2024 04:00,3228.98,2368.78,1981.69,2721.39,3748.28,4487.97
02.03.2024 04:10,3216.92,2431.69,1972.26,2711.05,3736.66,4475.44
02.03.2024 04:20,3204.85,2369.33,1962.84,2700.70,3725.05,4462.92
02.03.2024 04:30,3192.78,2400.50,1953.41,2690.36,3713.44,4450.39
02.03.2024 04:40,3180.72,2367.59,1943.98,2680.01,3701.82,4437.86
02.03.2024 04:50,3168.65,2324.43,1934.55,2669.67,3690.21,4425.33
02.03.2024 05:00,3156.58,2310.55,1925.12,2659.33,3678.60,4412.81
02.03.2024 05:10,3133.35,2268.20,1901.90,2635.71,3654.43,4388.25
02.03.2024 05:20,3110.11,2255.42,1878.69,2612.10,3630.27,4363.69
02.03.2024 05:30,3086.87,2298.50,1855.48,2588.49,3606.11,4339.13
02.03.2024 05:40,3063.63,2347.91,1832.26,2564.88,3581.95,4314.57
02.03.2024 05:50,3040.39,2376.57,1809.05,2541.27,3557.78,4290.01
02.03.2024 06:00,3017.16,2390.24,1785.83,2517.66,3533.62,4265.45
02.03.2024 06:10,2969.59,2432.33,1740.93,2472.76,3488.72,4220.55
02.03.2024 06:20,2922.03,2484.64,1696.03,2427.85,3443.82,4175.65
02.03.2024 06:30,2874.47,2534.33,1651.12,2382.95,3398.92,4130.75
02.03.2024 06:40,2826.91,2547.61,1606.22,2338.05,3354.02,4085.85
02.03.2024 06:50,2779.35,2497.17,1561.32,2293.15,3309.12,4040.95
02.03.2024 07:00,2731.78,2392.53,1516.41,2248.25,3264.22,3996.05
02.03.2024 07:10,2729.89,2321.71,1513.19,2244.52,3259.81,3991.14
02.03.2024 07:20,2728.00,2276.00,1509.97,2240.80,3255.39,3986.23
02.03.2024 07:30,2726.11,2164.35,1506.74,2237.08,3250.98,3981.32
02.03.2024 07:40,2724.21,2067.92,1503.52,2233.36,3246.57,3976.41
02.03.2024 07:50,2722.32,2004.95,1500.29,2229.64,3242.16,3971.50
02.03.2024 08:00,2720.43,2003.21,1497.07,2225.91,3237.74,3966.59
02.03.2024 08:10,2725.63,1973.88,1501.41,2230.69,3243.12,3972.39
02.03.2024 08:20,2730.83,1905.91,1505.76,2235.47,3248.49,3978.19
02.03.2024 08:30,2736.03,1848.72,1510.11,2240.24,3253.86,3984.00
02.03.2024 08:40,2741.22,1803.89,1514.46,2245.02,3259.23,3989.80
02.03.2024 08:50,2746.42,1806.96,1518.80,2249.80,3264.61,3995.60
02.03.2024 09:00,2751.62,1787.94,1523.15,2254.57,3269.98,4001.40
02.03.2024 09:10,2711.07,1772.40,1480.22,2212.97,3230.21,3962.96
02.03.2024 09:20,2670.52,1792.95,1437.28,2171.36,3190.45,3924.53
02.03.2024 09:30,2629.97,1804.06,1394.34,2129.75,3150.69,3886.09
02.03.2024 09:40,2589.42,1792.47,1351.41,2088.14,3110.92,3847.65
02.03.2024 09:50,2548.87,1807.47,1308.47,2046.54,3071.16,3809.22
02.03.2024 10:00,2508.32,1856.82,1265.54,2004.93,3031.39,3770.78
02.03.2024 10:10,2499.89,1824.86,1255.54,1995.12,3021.86,3761.44
02.03.2024 10:20,2491.45,1784.81,1245.54,1985.32,3012.32,3752.10
02.03.2024 10:30,2483.01,1677.65,1235.54,1975.51,3002.79,3742.76
02.03.2024 10:40,2474.57,1638.43,1225.53,1965.70,2993.25,3733.42
02.03.2024 10:50,2466.13,1654.13,1215.53,1955.90,2983.72,3724.08
02.03.2024 11:00,2457.70,1679.37,1205.53,1946.09,2974.18,3714.74
02.03.2024 11:10,2474.37,1689.23,1222.48,1962.77,2990.49,3730.78
02.03.2024 11:20,2491.04,1681.48,1239.42,1979.44,3006.79,3746.82
02.03.2024 11:30,2507.72,1699.56,1256.36,1996.12,3023.10,3762.86
02.03.2024 11:40,2524.39,1721.24,1273.30,2012.80,3039.41,3778.90
02.03.2024 11:50,2541.07,1650.73,1290.25,2029.47,3055.71,3794.94
02.03.2024 12:00,2557.74,1660.03,1307.19,2046.15,3072.02,3810.98
02.03.2024 12:10,2562.91,1677.80,1312.48,2051.81,3078.20,3817.53
02.03.2024 12:20,2568.08,1696.37,1317.77,2057.47,3084.38,3824.09
02.03.2024 12:30,2573.24,1757.42,1323.06,2063.14,3090.56,3830.65
02.03.2024 12:40,2578.41,1748.45,1328.34,2068.80,3096.75,3837.20
02.03.2024 12:50,2583.58,1681.70,1333.63,2074.46,3102.93,3843.76
02.03.2024 13:00,2588.74,1675.64,1338.92,2080.13,3109.11,3850.32
02.03.2024 13:10,2562.74,1662.80,1314.82,2055.31,3083.31,3823.80
02.03.2024 13:20,2536.74,1671.37,1290.71,2030.49,3057.51,3797.29
02.03.2024 13:30,2510.73,1641.79,1266.61,2005.68,3031.70,3770.77
02.03.2024 13:40,2484.73,1661.73,1242.50,1980.86,3005.90,3744.26
02.03.2024 13:50,2458.72,1656.82,1218.40,1956.05,2980.10,3717.75
02.03.2024 14:00,2432.72,1671.94,1194.29,1931.23,2954.29,3691.23
02.03.2024 14:10,2434.31,1704.24,1194.80,1931.67,2954.64,3691.52
02.03.2024 14:20,2435.90,1698.88,1195.30,1932.11,2954.99,3691.80
02.03.2024 14:30,2437.49,1718.36,1195.81,1932.55,2955.34,3692.09
02.03.2024 14:40,2439.08,1757.41,1196.32,1933.00,2955.69,3692.37
02.03.2024 14:50,2440.67,1779.34,1196.82,1933.44,2956.05,3692.66
02.03.2024 15:00,2442.26,1733.18,1197.33,1933.88,2956.40,3692.94
02.03.2024 15:10,2473.96,1699.74,1225.80,1964.30,2989.54,3728.04
02.03.2024 15:20,2505.65,1665.92,1254.27,1994.73,3022.68,3763.14
02.03.2024 15:30,2537.34,1605.01,1282.74,2025.15,3055.82,3798.24
02.03.2024 15:40,2569.04,1550.59,1311.20,2055.58,3088.96,3833.34
02.03.2024 15:50,2600.73,1499.30,1339.67,2086.00,3122.11,3868.44
02.03.2024 16:00,2632.43,1479.70,1368.14,2116.43,3155.25,3903.54
02.03.2024 16:10,2599.10,1458.53,1333.99,2082.78,3122.30,3871.09
02.03.2024 16:20,2565.78,1455.56,1299.84,2049.14,3089.35,3838.65
02.03.2024 16:30,2532.46,1422.38,1265.69,2015.49,3056.41,3806.21
02.03.2024 16:40,2499.13,1367.98,1231.54,1981.85,3023.46,3773.76
02.03.2024 16:50,2465.81,1345.03,1197.39,1948.20,2990.51,3741.32
02.03.2024 17:00,2432.48,1323.62,1163.24,1914.55,2957.57,3708.88
02.03.2024 17:10,2361.19,1281.16,1096.33,1845.26,2884.97,3633.90
02.03.2024 17:20,2289.89,1258.18,1029.41,1775.96,2812.37,3558.93
02.03.2024 17:30,2218.59,1272.70,962.49,1706.67,2739.78,3483.96
02.03.2024 17:40,2147.29,1268.28,895.58,1637.37,2667.18,3408.98
02.03.2024 17:50,2076.00,1249.05,828.66,1568.08,2594.59,3334.01
02.03.2024 18:00,2004.70,1287.89,761.74,1498.79,2521.99,3259.03
02.03.2024 18:10,1962.79,1311.50,724.03,1459.08,2479.53,3214.58
02.03.2024 18:20,1920.89,1281.74,686.32,1419.38,2437.07,3170.13
02.03.2024 18:30,1878.98,1263.96,648.61,1379.68,2394.60,3125.68
02.03.2024 18:40,1837.08,1210.79,610.89,1339.98,2352.14,3081.23
02.03.2024 18:50,1795.17,1206.62,573.18,1300.28,2309.68,3036.78
02.03.2024 19:00,1753.26,1226.03,535.47,1260.58,2267.22,2992.33
02.03.2024 19:10,1731.36,1242.87,515.32,1240.40,2246.99,2972.07
02.03.2024 19:20,1709.46,1265.24,495.18,1220.22,2226.77,2951.81
02.03.2024 19:30,1687.56,1225.45,475.04,1200.05,2206.54,2931.55
02.03.2024 19:40,1665.66,1137.47,454.90,1179.87,2186.32,2911.29
02.03.2024 19:50,1643.76,1095.25,434.76,1159.69,2166.09,2891.03
02.03.2024 20:00,1621.85,1075.68,414.61,1139.51,2145.86,2870.77
02.03.2024 20:10,1599.54,1043.17,394.97,1118.61,2123.21,2846.85
02.03.2024 20:20,1577.23,1013.28,375.32,1097.70,2100.56,2822.94
02.03.2024 20:30,1554.91,975.76,355.67,1076.80,2077.91,2799.03
02.03.2024 20:40,1532.60,966.59,336.02,1055.89,2055.25,2775.12
02.03.2024 20:50,1510.28,961.96,316.38,1034.99,2032.60,2751.21
02.03.2024 21:00,1487.97,979.37,296.73,1014.08,2009.95,2727.30
02.03.2024 21:10,1504.34,986.79,306.35,1023.59,2019.30,2736.53
02.03.2024 21:20,1520.71,1005.12,315.98,1033.10,2028.64,2745.76
02.03.2024 21:30,1537.08,1041.02,325.61,1042.61,2037.99,2754.99
02.03.2024 21:40,1553.46,1064.00,335.23,1052.12,2047.34,2764.23
02.03.2024 21:50,1569.83,1080.60,344.86,1061.63,2056.69,2773.46
02.03.2024 22:00,1586.20,1089.63,354.48,1071.14,2066.04,2782.69
02.03.2024 22:10,1589.71,1092.01,356.13,1072.59,2067.22,2783.68
02.03.2024 22:20,1593.21,1062.75,357.78,1074.05,2068.40,2784.67
02.03.2024 22:30,1596.72,1054.93,359.43,1075.50,2069.59,2785.66
02.03.2024 22:40,1600.22,1051.04,361.08,1076.96,2070.77,2786.65
02.03.2024 22:50,1603.73,1063.87,362.73,1078.41,2071.96,2787.64
02.03.2024 23:00,1607.23,1063.99,364.38,1079.87,2073.14,2788.63
02.03.2024 23:10,1575.37,1068.36,355.92,1070.18,2061.75,2776.01
02.03.2024 23:20,1543.50,1096.53,347.47,1060.49,2050.36,2763.39
02.03.2024 23:30,1511.64,1082.00,339.01,1050.81,2038.97,2750.78
02.03.2024 23:40,1479.77,1070.61,330.55,1041.12,2027.59,2738.16
03.03.2024 00:00,1416.04,1013.81,0.00,0.00,0.00,0.00
03.03.2024 00:10,1391.49,988.49,0.00,0.00,0.00,0.00
03.03.2024 00:20,1366.94,987.95,0.00,0.00,0.00,0.00
03.03.2024 00:30,1342.39,1011.52,0.00,0.00,0.00,0.00
03.03.2024 00:40,1317.84,1029.20,0.00,0.00,0.00,0.00
03.03.2024 00:50,1293.29,1063.48,0.00,0.00,0.00,0.00
03.03.2024 01:00,1268.74,1060.65,0.00,0.00,0.00,0.00
03.03.2024 01:10,1251.01,1076.20,0.00,0.00,0.00,0.00
03.03.2024 01:20,1233.28,1060.84,0.00,0.00,0.00,0.00
03.03.2024 01:30,1215.55,1028.88,0.00,0.00,0.00,0.00
03.03.2024 01:40,1197.82,982.41,0.00,0.00,0.00,0.00
03.03.2024 01:50,1180.09,950.70,0.00,0.00,0.00,0.00
03.03.2024 02:00,1162.36,941.29,0.00,0.00,0.00,0.00
03.03.2024 02:10,1132.14,909.43,0.00,0.00,0.00,0.00
03.03.2024 02:20,1101.92,909.05,0.00,0.00,0.00,0.00
03.03.2024 02:30,1071.70,942.60,0.00,0.00,0.00,0.00
03.03.2024 02:40,1041.49,953.50,0.00,0.00,0.00,0.00
03.03.2024 02:50,1011.27,1002.97,0.00,0.00,0.00,0.00
03.03.2024 03:00,981.05,1028.36,0.00,0.00,0.00,0.00
03.03.2024 03:10,974.07,1055.57,0.00,0.00,0.00,0.00
03.03.2024 03:20,967.10,1073.98,0.00,0.00,0.00,0.00
03.03.2024 03:30,960.13,1069.68,0.00,0.00,0.00,0.00
03.03.2024 03:40,953.15,1036.30,0.00,0.00,0.00,0.00
03.03.2024 03:50,946.18,1017.84,0.00,0.00,0.00,0.00
03.03.2024 04:00,939.20,1005.67,0.00,477.74,1432.36,2119.99
03.03.2024 04:10,938.40,964.60,0.00,477.14,1431.56,2119.06
03.03.2024 04:20,937.61,952.94,0.00,476.55,1430.77,2118.12
03.03.2024 04:30,936.81,968.06,0.00,475.96,1429.98,2117.19
03.03.2024 04:40,936.01,976.24,0.00,475.36,1429.19,2116.25
03.03.2024 04:50,935.21,977.92,0.00,474.77,1428.39,2115.31
03.03.2024 05:00,934.41,965.66,0.00,474.17,1427.60,2114.38
03.03.2024 05:10,926.33,933.67,0.00,464.52,1418.34,2105.40
03.03.2024 05:20,918.24,930.23,0.00,454.86,1409.07,2096.42
03.03.2024 05:30,910.15,925.93,0.00,445.20,1399.81,2087.44
03.03.2024 05:40,902.06,928.30,0.00,435.55,1390.55,2078.46
03.03.2024 05:50,893.97,933.58,0.00,425.89,1381.28,2069.48
03.03.2024 06:00,885.89,896.98,0.00,416.23,1372.02,2060.50
03.03.2024 06:10,868.45,880.03,0.00,399.05,1354.65,2042.99
03.03.2024 06:20,851.02,871.93,0.00,381.88,1337.28,2025.48
03.03.2024 06:30,833.58,863.32,0.00,364.70,1319.91,2007.97
03.03.2024 06:40,816.14,847.03,0.00,347.52,1302.53,1990.45
03.03.2024 06:50,798.71,855.97,0.00,330.34,1285.16,1972.94
03.03.2024 07:00,781.27,864.68,0.00,313.17,1267.79,1955.43
03.03.2024 07:10,770.67,862.44,0.00,302.55,1256.96,1944.44
03.03.2024 07:20,760.08,846.41,0.00,291.94,1246.13,1933.45
03.03.2024 07:30,749.48,838.98,0.00,281.32,1235.29,1922.46
03.03.2024 07:40,738.88,841.47,0.00,270.71,1224.46,1911.47
03.03.2024 07:50,728.28,826.83,0.00,260.10,1213.63,1900.48
03.03.2024 08:00,717.68,795.34,0.00,249.48,1202.79,1889.49
03.03.2024 08:10,706.07,754.16,0.00,237.09,1190.24,1876.82
03.03.2024 08:20,694.46,715.66,0.00,224.69,1177.69,1864.16
03.03.2024 08:30,682.86,694.28,0.00,212.30,1165.13,1851.49
03.03.2024 08:40,671.25,700.23,0.00,199.90,1152.58,1838.82
03.03.2024 08:50,659.64,701.04,0.00,187.51,1140.03,1826.15
03.03.2024 09:00,648.03,694.36,0.00,175.11,1127.47,1813.48
03.03.2024 09:10,653.47,672.99,0.00,178.55,1131.18,1817.38
03.03.2024 09:20,658.92,667.54,0.00,181.99,1134.88,1821.27
03.03.2024 09:30,664.36,643.58,0.00,185.43,1138.58,1825.16
03.03.2024 09:40,669.80,638.52,0.00,188.87,1142.28,1829.05
03.03.2024 09:50,675.24,638.10,0.00,192.31,1145.99,1832.94
03.03.2024 10:00,680.68,615.95,0.00,195.76,1149.69,1836.83
03.03.2024 10:10,658.67,579.86,0.00,177.86,1130.79,1817.21
03.03.2024 10:20,636.67,524.16,0.00,159.97,1111.90,1797.60
03.03.2024 10:30,614.66,504.01,0.00,142.07,1093.00,1777.98
03.03.2024 10:40,592.66,474.27,0.00,124.18,1074.10,1758.36
03.03.2024 10:50,570.65,452.05,0.00,106.28,1055.21,1738.74
03.03.2024 11:00,548.64,434.71,0.00,88.39,1036.31,1719.12
03.03.2024 11:10,533.29,424.49,0.00,73.66,1019.14,1701.66
03.03.2024 11:20,517.93,416.58,0.00,58.92,1001.97,1684.19
03.03.2024 11:30,502.57,392.82,0.00,44.19,984.80,1666.72
03.03.2024 11:40,487.21,386.19,0.00,29.46,967.62,1649.26
03.03.2024 11:50,471.85,392.06,0.00,14.73,950.45,1631.79
03.03.2024 12:00,456.50,389.80,0.00,0.00,933.28,1614.33
03.03.2024 12:10,443.81,390.04,0.00,0.00,920.10,1600.86
03.03.2024 12:20,431.13,358.23,0.00,0.00,906.93,1587.40
03.03.2024 12:30,418.44,369.29,0.00,0.00,893.75,1573.93
03.03.2024 12:40,405.76,370.32,0.00,0.00,880.57,1560.47
03.03.2024 12:50,393.07,364.01,0.00,0.00,867.39,1547.00
03.03.2024 13:00,380.39,345.22,0.00,0.00,854.21,1533.54
03.03.2024 13:10,381.81,334.65,0.00,0.00,855.44,1534.74
03.03.2024 13:20,383.23,318.11,0.00,0.00,856.67,1535.95
03.03.2024 13:30,384.65,318.48,0.00,0.00,857.89,1537.15
03.03.2024 13:40,386.07,342.01,0.00,0.00,859.12,1538.35
03.03.2024 13:50,387.49,368.28,0.00,0.00,860.35,1539.56
03.03.2024 14:00,388.90,360.10,0.00,0.00,861.58,1540.76
03.03.2024 14:10,396.51,330.53,0.00,0.00,870.03,1549.25
03.03.2024 14:20,404.12,327.65,0.00,0.00,878.48,1557.75
03.03.2024 14:30,411.73,304.46,0.00,0.00,886.93,1566.25
03.03.2024 14:40,419.34,287.97,0.00,0.00,895.38,1574.74
03.03.2024 14:50,426.95,292.02,0.00,0.00,903.83,1583.24
03.03.2024 15:00,434.56,322.92,0.00,0.00,912.28,1591.73
03.03.2024 15:10,447.55,351.40,0.00,7.14,924.98,1604.72
03.03.2024 15:20,460.54,350.30,0.00,14.29,937.68,1617.70
03.03.2024 15:30,473.54,370.61,0.00,21.43,950.38,1630.69
03.03.2024 15:40,486.53,358.11,0.00,28.57,963.08,1643.68
03.03.2024 15:50,499.52,338.07,0.00,35.71,975.78,1656.66
03.03.2024 16:00,512.51,339.49,0.00,42.86,988.49,1669.65
03.03.2024 16:10,511.09,347.53,0.00,41.43,987.10,1668.29
03.03.2024 16:20,509.66,342.68,0.00,40.00,985.72,1666.94
03.03.2024 16:30,508.24,351.02,0.00,38.57,984.33,1665.59
03.03.2024 16:40,506.82,373.85,0.00,37.14,982.94,1664.23
03.03.2024 16:50,505.39,371.63,0.00,35.71,981.56,1662.88
03.03.2024 17:00,503.97,347.03,0.00,34.29,980.17,1661.52
03.03.2024 17:10,499.17,350.15,0.00,29.17,974.71,1655.80
03.03.2024 17:20,494.37,345.97,0.00,24.05,969.24,1650.09
03.03.2024 17:30,489.57,327.62,0.00,18.93,963.77,1644.37
03.03.2024 17:40,484.77,328.46,0.00,13.81,958.30,1638.65
03.03.2024 17:50,479.97,323.35,0.00,8.69,952.83,1632.93
03.03.2024 18:00,475.17,322.17,0.00,3.57,947.37,1627.21
03.03.2024 18:10,464.78,317.42,0.00,2.97,937.04,1616.78
03.03.2024 18:20,454.40,348.93,0.00,2.38,926.72,1606.35
03.03.2024 18:30,444.01,353.59,0.00,1.78,916.40,1595.91
03.03.2024 18:40,433.62,342.74,0.00,1.19,906.07,1585.48
03.03.2024 18:50,423.24,300.36,0.00,0.59,895.75,1575.05
03.03.2024 19:00,412.85,290.61,0.00,0.00,885.43,1564.62
03.03.2024 19:10,401.36,264.29,0.00,0.00,874.30,1553.36
03.03.2024 19:20,389.88,261.69,0.00,0.00,863.17,1542.10
03.03.2024 19:30,378.39,265.61,0.00,0.00,852.04,1530.84
03.03.2024 19:40,366.91,265.37,0.00,0.00,840.91,1519.58
03.03.2024 19:50,355.42,237.47,0.00,0.00,829.78,1508.32
03.03.2024 20:00,343.94,224.76,0.00,0.00,818.66,1497.05
03.03.2024 20:10,340.68,224.60,0.00,0.00,816.00,1494.27
03.03.2024 20:20,337.43,222.93,0.00,0.00,813.33,1491.49
03.03.2024 20:30,334.17,209.22,0.00,0.00,810.67,1488.71
03.03.2024 20:40,330.92,184.19,0.00,0.00,808.01,1485.93
03.03.2024 20:50,327.67,174.48,0.00,0.00,805.35,1483.15
03.03.2024 21:00,324.41,177.90,0.00,0.00,802.69,1480.37
03.03.2024 21:10,313.36,179.71,0.00,0.00,790.95,1468.42
03.03.2024 21:20,302.30,200.47,0.00,0.00,779.20,1456.47
03.03.2024 21:30,291.24,193.59,0.00,0.00,767.46,1444.51
03.03.2024 21:40,280.19,202.53,0.00,0.00,755.72,1432.56
03.03.2024 21:50,269.13,199.32,0.00,0.00,743.97,1420.61
03.03.2024 22:00,258.07,173.08,0.00,0.00,732.23,1408.65
03.03.2024 22:10,253.86,139.09,0.00,0.00,727.55,1404.00
03.03.2024 22:20,249.64,135.92,0.00,0.00,722.87,1399.35
03.03.2024 22:30,245.43,120.73,0.00,0.00,718.18,1394.71
03.03.2024 22:40,241.21,115.52,0.00,0.00,713.50,1390.06
03.03.2024 22:50,236.99,128.58,0.00,0.00,708.82,1385.41
03.03.2024 23:00,232.78,136.67,0.00,0.00,704.13,1380.76
03.03.2024 23:10,248.85,143.39,0.00,0.00,712.06,1388.85
03.03.2024 23:20,264.92,156.86,0.00,0.00,719.98,1396.94
03.03.2024 23:30,280.99,159.20,0.00,0.00,727.91,1405.03
03.03.2024 23:40,297.06,172.43,0.00,0.00,735.83,1413.12
03.03.2024 23:50,313.13,179.40,0.00,0.00,743.75,1421.21
04.03.2024 00:00,329.21,189.08,0.00,0.00,751.68,1429.30
04.03.2024 00:10,322.62,197.50,0.00,0.00,750.91,1428.59
04.03.2024 00:20,316.03,190.21,0.00,0.00,750.14,1427.87
04.03.2024 00:30,309.44,193.19,0.00,0.00,749.37,1427.15
04.03.2024 00:40,302.86,195.44,0.00,0.00,748.61,1426.44
04.03.2024 00:50,296.27,192.62,0.00,0.00,747.84,1425.72
04.03.2024 01:00,289.68,194.87,0.00,0.00,747.07,1425.01
04.03.2024 01:10,293.07,186.01,0.00,0.00,751.39,1429.44
04.03.2024 01:20,296.46,168.22,0.00,0.00,755.70,1433.88
04.03.2024 01:30,299.85,159.29,0.00,0.00,760.02,1438.32
04.03.2024 01:40,303.24,163.25,0.00,0.00,764.34,1442.75
04.03.2024 01:50,306.64,167.20,0.00,0.00,768.65,1447.19
04.03.2024 02:00,310.03,165.35,0.00,0.00,772.97,1451.62
04.03.2024 02:10,306.29,170.62,0.00,0.00,777.19,1455.91
04.03.2024 02:20,302.55,179.29,0.00,0.00,781.41,1460.20
04.03.2024 02:30,298.81,183.35,0.00,0.00,785.63,1464.49
04.03.2024 02:40,295.07,192.77,0.00,0.00,789.84,1468.78
04.03.2024 02:50,291.33,213.08,0.00,0.00,794.06,1473.07
04.03.2024 03:00,287.60,222.54,0.00,0.00,798.28,1477.36
04.03.2024 03:10,292.58,223.98,0.00,0.00,798.44,1479.85
04.03.2024 03:20,297.56,216.23,0.00,0.00,798.59,1482.35
04.03.2024 03:30,302.54,211.09,0.00,0.00,798.75,1484.84
04.03.2024 03:40,307.52,211.82,0.00,0.00,798.91,1487.34
04.03.2024 03:50,312.50,213.23,0.00,0.00,799.06,1489.84
04.03.2024 04:00,317.49,214.39,0.00,0.00,799.22,1492.33
04.03.2024 04:10,318.46,219.97,0.00,0.00,800.35,1493.51
04.03.2024 04:20,319.43,224.26,0.00,0.00,801.48,1494.68
04.03.2024 04:30,320.40,222.83,0.00,0.00,802.61,1495.86
04.03.2024 04:40,321.38,221.89,0.00,0.00,803.74,1497.03
04.03.2024 04:50,322.35,216.08,0.00,0.00,804.87,1498.21
04.03.2024 05:00,323.32,221.49,0.00,0.00,806.00,1499.38
04.03.2024 05:10,323.97,231.67,0.00,0.00,806.54,1500.03
04.03.2024 05:20,324.61,242.73,0.00,0.00,807.08,1500.67
04.03.2024 05:30,325.26,262.55,0.00,0.00,807.62,1501.32
04.03.2024 05:40,325.91,283.84,0.00,0.00,808.16,1501.96
04.03.2024 05:50,326.55,285.42,0.00,0.00,808.70,1502.61
04.03.2024 06:00,327.20,283.55,0.00,0.00,809.24,1503.25
04.03.2024 06:10,321.98,275.91,0.00,0.00,804.26,1498.32
04.03.2024 06:20,316.77,269.51,0.00,0.00,799.28,1493.40
04.03.2024 06:30,311.56,257.93,0.00,0.00,794.30,1488.47
04.03.2024 06:40,306.34,255.85,0.00,0.00,789.32,1483.55
04.03.2024 06:50,301.13,254.54,0.00,0.00,784.34,1478.62
04.03.2024 07:00,295.91,243.81,0.00,0.00,779.36,1473.70
04.03.2024 07:10,299.37,246.58,0.00,0.00,782.68,1477.15
04.03.2024 07:20,302.82,245.36,0.00,0.00,786.01,1480.61
04.03.2024 07:30,306.27,244.55,0.00,0.00,789.33,1484.07
04.03.2024 07:40,309.73,231.29,0.00,0.00,792.65,1487.53
04.03.2024 07:50,313.18,216.13,0.00,0.00,795.98,1490.99
04.03.2024 08:00,316.63,208.46,0.00,0.00,799.30,1494.44
04.03.2024 08:10,301.45,209.70,0.00,0.00,783.88,1478.70
04.03.2024 08:20,286.26,208.48,0.00,0.00,768.46,1462.95
04.03.2024 08:30,271.08,211.99,0.00,0.00,753.04,1447.21
04.03.2024 08:40,255.89,220.11,0.00,0.00,737.62,1431.46
04.03.2024 08:50,240.71,221.45,0.00,0.00,722.20,1415.72
04.03.2024 09:00,225.52,214.43,0.00,0.00,706.78,1399.97
04.03.2024 09:10,226.48,210.33,0.00,0.00,707.72,1400.95
04.03.2024 09:20,227.43,206.51,0.00,0.00,708.67,1401.93
04.03.2024 09:30,228.39,204.59,0.00,0.00,709.61,1402.90
04.03.2024 09:40,229.34,214.89,0.00,0.00,710.55,1403.88
04.03.2024 09:50,230.29,219.31,0.00,0.00,711.50,1404.86
04.03.2024 10:00,231.25,208.18,0.00,0.00,712.44,1405.83
04.03.2024 10:10,231.49,193.44,0.00,0.00,712.58,1406.04
04.03.2024 10:20,231.73,187.31,0.00,0.00,712.71,1406.24
04.03.2024 10:30,231.97,185.24,0.00,0.00,712.85,1406.45
04.03.2024 10:40,232.22,184.63,0.00,0.00,712.99,1406.66
04.03.2024 10:50,232.46,183.39,0.00,0.00,713.13,1406.86
04.03.2024 11:00,232.70,193.00,0.00,0.00,713.27,1407.07
04.03.2024 11:10,237.90,205.48,0.00,0.00,718.56,1412.43
04.03.2024 11:20,243.11,196.67,0.00,0.00,723.86,1417.79
04.03.2024 11:30,248.31,209.38,0.00,0.00,729.16,1423.15
04.03.2024 11:40,253.52,207.57,0.00,0.00,734.45,1428.51
04.03.2024 11:50,258.72,190.53,0.00,0.00,739.75,1433.87
04.03.2024 12:00,263.92,157.86,0.00,0.00,745.05,1439.23
04.03.2024 12:10,280.58,163.72,0.00,0.00,762.33,1456.94
04.03.2024 12:20,297.23,180.64,0.00,0.00,779.61,1474.66
04.03.2024 12:30,313.88,180.72,0.00,0.00,796.90,1492.38
04.03.2024 12:40,330.54,188.67,0.00,0.00,814.18,1510.09
04.03.2024 12:50,347.19,222.86,0.00,0.00,831.47,1527.81
04.03.2024 13:00,363.84,252.03,0.00,0.00,848.75,1545.53
04.03.2024 13:10,388.22,261.84,0.00,3.72,873.25,1570.76
04.03.2024 13:20,412.60,303.38,0.00,7.44,897.75,1596.00
04.03.2024 13:30,436.98,303.84,0.00,11.16,922.25,1621.23
04.03.2024 13:40,461.36,299.24,0.00,14.88,946.75,1646.47
04.03.2024 13:50,485.74,356.07,0.00,18.61,971.25,1671.70
04.03.2024 14:00,510.12,407.81,0.00,22.33,995.75,1696.94
04.03.2024 14:10,532.64,384.38,0.00,44.52,1018.91,1720.79
04.03.2024 14:20,555.17,335.80,0.00,66.72,1042.07,1744.64
04.03.2024 14:30,577.69,324.85,0.00,88.91,1065.22,1768.49
04.03.2024 14:40,600.21,351.00,0.00,111.10,1088.38,1792.34
04.03.2024 14:50,622.73,366.66,0.00,133.30,1111.54,1816.19
04.03.2024 15:00,645.25,367.12,0.00,155.49,1134.70,1840.04
04.03.2024 15:10,651.86,377.45,0.00,162.13,1141.97,1847.77
04.03.2024 15:20,658.48,406.29,0.00,168.77,1149.24,1855.49
04.03.2024 15:30,665.10,426.69,0.00,175.40,1156.50,1863.22
04.03.2024 15:40,671.72,477.30,0.00,182.04,1163.77,1870.94
04.03.2024 15:50,678.33,513.29,0.00,188.68,1171.04,1878.67
04.03.2024 16:00,684.95,563.80,0.00,195.32,1178.31,1886.39
04.03.2024 16:10,687.23,573.69,0.00,197.37,1180.81,1889.21
04.03.2024 16:20,689.52,592.22,0.00,199.42,1183.31,1892.03
04.03.2024 16:30,691.80,618.68,0.00,201.48,1185.81,1894.85
04.03.2024 16:40,694.08,605.32,0.00,203.53,1188.31,1897.67
04.03.2024 16:50,696.36,552.23,0.00,205.59,1190.80,1900.48
04.03.2024 17:00,698.65,536.02,0.00,207.64,1193.30,1903.30
04.03.2024 17:10,688.85,524.58,0.00,197.81,1183.00,1892.66
04.03.2024 17:20,679.06,509.67,0.00,187.98,1172.70,1882.02
04.03.2024 17:30,669.26,493.76,0.00,178.15,1162.40,1871.38
04.03.2024 17:40,659.47,457.62,0.00,168.32,1152.10,1860.74
04.03.2024 17:50,649.68,447.71,0.00,158.50,1141.80,1850.10
04.03.2024 18:00,639.88,452.68,0.00,148.67,1131.50,1839.46
04.03.2024 18:10,641.34,470.08,0.00,150.53,1133.05,1840.79
04.03.2024 18:20,642.80,472.87,0.00,152.39,1134.61,1842.12
04.03.2024 18:30,644.25,440.41,0.00,154.25,1136.16,1843.46
04.03.2024 18:40,645.71,442.93,0.00,156.12,1137.72,1844.79
04.03.2024 18:50,647.17,505.00,0.00,157.98,1139.27,1846.12
04.03.2024 19:00,648.63,546.65,0.00,159.84,1140.83,1847.45
04.03.2024 19:10,665.48,600.63,0.00,176.59,1158.33,1865.50
04.03.2024 19:20,682.33,654.27,0.00,193.34,1175.83,1883.55
04.03.2024 19:30,699.17,690.12,0.00,210.09,1193.34,1901.60
04.03.2024 19:40,716.02,708.06,0.00,226.84,1210.84,1919.64
04.03.2024 19:50,732.87,720.84,0.00,243.59,1228.35,1937.69
04.03.2024 20:00,749.72,719.79,0.00,260.34,1245.85,1955.74
04.03.2024 20:10,776.26,733.97,0.00,285.69,1272.86,1983.93
04.03.2024 20:20,802.79,761.89,0.00,311.05,1299.86,2012.13
04.03.2024 20:30,829.32,769.85,0.00,336.40,1326.87,2040.32
04.03.2024 20:40,855.86,758.41,0.00,361.76,1353.87,2068.52
04.03.2024 20:50,882.39,747.68,0.00,387.11,1380.88,2096.71
04.03.2024 21:00,908.93,734.72,0.00,412.47,1407.88,2124.90
04.03.2024 21:10,945.70,757.38,0.00,448.30,1445.84,2164.39
04.03.2024 21:20,982.47,802.09,0.00,484.13,1483.79,2203.87
04.03.2024 21:30,1019.24,823.50,0.00,519.97,1521.75,2243.36
04.03.2024 21:40,1056.01,869.51,0.00,555.80,1559.70,2282.84
04.03.2024 21:50,1092.79,903.77,0.00,591.64,1597.66,2322.32
04.03.2024 22:00,1129.56,957.60,0.00,627.47,1635.61,2361.81
04.03.2024 22:10,1179.13,996.80,29.27,675.10,1685.88,2413.98
04.03.2024 22:20,1228.71,1031.42,58.54,722.73,1736.15,2466.16
04.03.2024 22:30,1278.29,1068.15,87.81,770.35,1786.43,2518.33
04.03.2024 22:40,1327.86,1113.27,117.08,817.98,1836.70,2570.50
04.03.2024 22:50,1377.44,1175.66,146.35,865.61,1886.97,2622.67
04.03.2024 23:00,1427.01,1229.35,175.62,913.24,1937.24,2674.85
04.03.2024 23:10,1454.15,1270.77,245.69,985.56,2012.68,2752.55
04.03.2024 23:20,1481.29,1275.30,315.75,1057.87,2088.13,2830.25
04.03.2024 23:30,1508.42,1298.16,385.82,1130.19,2163.58,2907.95
04.03.2024 23:40,1535.56,1322.65,455.88,1202.51,2239.02,2985.65
05.03.2024 00:00,1589.83,1366.55,0.00,0.00,0.00,0.00
05.03.2024 00:10,1644.62,1470.68,0.00,0.00,0.00,0.00
05.03.2024 00:20,1699.42,1522.07,0.00,0.00,0.00,0.00
05.03.2024 00:30,1754.21,1568.77,0.00,0.00,0.00,0.00
05.03.2024 00:40,1809.00,1614.08,0.00,0.00,0.00,0.00
05.03.2024 00:50,1863.79,1675.08,0.00,0.00,0.00,0.00
05.03.2024 01:00,1918.59,1742.76,0.00,0.00,0.00,0.00
05.03.2024 01:10,1995.06,1805.78,0.00,0.00,0.00,0.00
05.03.2024 01:20,2071.53,1865.77,0.00,0.00,0.00,0.00
05.03.2024 01:30,2148.01,1923.82,0.00,0.00,0.00,0.00
05.03.2024 01:40,2224.48,1956.79,0.00,0.00,0.00,0.00
05.03.2024 01:50,2300.95,1975.32,0.00,0.00,0.00,0.00
05.03.2024 02:00,2377.43,2044.35,0.00,0.00,0.00,0.00
05.03.2024 02:10,2410.90,2181.75,0.00,0.00,0.00,0.00
05.03.2024 02:20,2444.37,2288.49,0.00,0.00,0.00,0.00
05.03.2024 02:30,2477.85,2349.46,0.00,0.00,0.00,0.00
05.03.2024 02:40,2511.32,2403.18,0.00,0.00,0.00,0.00
05.03.2024 02:50,2544.80,2427.17,0.00,0.00,0.00,0.00
05.03.2024 03:00,2578.27,2487.55,0.00,0.00,0.00,0.00
05.03.2024 03:10,2621.08,2521.70,0.00,0.00,0.00,0.00
05.03.2024 03:20,2663.89,2595.21,0.00,0.00,0.00,0.00
05.03.2024 03:30,2706.71,2631.33,0.00,0.00,0.00,0.00
05.03.2024 03:40,2749.52,2685.71,0.00,0.00,0.00,0.00
05.03.2024 03:50,2792.33,2714.26,0.00,0.00,0.00,0.00
05.03.2024 04:00,2835.14,2712.49,1542.45,2306.33,3366.79,4130.67
05.03.2024 04:10,2866.14,2706.49,1574.43,2338.39,3398.96,4162.92
05.03.2024 04:20,2897.14,2712.77,1606.42,2370.45,3431.13,4195.17
05.03.2024 04:30,2928.14,2731.62,1638.40,2402.51,3463.30,4227.41
05.03.2024 04:40,2959.14,2858.78,1670.39,2434.58,3495.47,4259.66
05.03.2024 04:50,2990.14,2915.16,1702.37,2466.64,3527.64,4291.91
05.03.2024 05:00,3021.14,2939.08,1734.35,2498.70,3559.81,4324.15
05.03.2024 05:10,3065.69,2930.09,1774.07,2540.83,3605.30,4372.07
05.03.2024 05:20,3110.24,2973.34,1813.78,2582.96,3650.79,4419.98
05.03.2024 05:30,3154.79,2990.25,1853.49,2625.09,3696.29,4467.89
05.03.2024 05:40,3199.33,2994.48,1893.20,2667.23,3741.78,4515.81
05.03.2024 05:50,3243.88,3017.69,1932.91,2709.36,3787.27,4563.72
05.03.2024 06:00,3288.43,3042.39,1972.62,2751.49,3832.77,4611.64
05.03.2024 06:10,3322.51,3073.93,1997.68,2782.20,3871.30,4655.81
05.03.2024 06:20,3356.59,3126.17,2022.75,2812.90,3909.84,4699.99
05.03.2024 06:30,3390.67,3147.64,2047.81,2843.61,3948.37,4744.16
05.03.2024 06:40,3424.75,3140.08,2072.88,2874.31,3986.91,4788.34
05.03.2024 06:50,3458.84,3216.51,2097.94,2905.02,4025.44,4832.52
05.03.2024 07:00,3492.92,3290.60,2123.01,2935.72,4063.98,4876.69
05.03.2024 07:10,3535.49,3387.44,2168.70,2979.81,4105.83,4916.94
05.03.2024 07:20,3578.07,3401.73,2214.39,3023.89,4147.69,4957.19
05.03.2024 07:30,3620.64,3390.13,2260.08,3067.98,4189.55,4997.44
05.03.2024 07:40,3663.22,3388.00,2305.78,3112.07,4231.40,5037.69
05.03.2024 07:50,3705.79,3487.35,2351.47,3156.15,4273.26,5077.94
05.03.2024 08:00,3748.37,3471.01,2397.16,3200.24,4315.12,5118.19
05.03.2024 08:10,3758.84,3565.86,2410.29,3211.34,4323.42,5124.48
05.03.2024 08:20,3769.32,3500.23,2423.41,3222.45,4331.72,5130.76
05.03.2024 08:30,3779.80,3579.58,2436.54,3233.56,4340.02,5137.04
05.03.2024 08:40,3790.27,3690.21,2449.66,3244.66,4348.33,5143.33
05.03.2024 08:50,3800.75,3651.02,2462.79,3255.77,4356.63,5149.61
05.03.2024 09:00,3811.23,3631.41,2475.91,3266.87,4364.93,5155.90
05.03.2024 09:10,3827.19,3586.21,2488.38,3281.65,4382.91,5176.18
05.03.2024 09:20,3843.15,3527.63,2500.85,3296.43,4400.90,5196.47
05.03.2024 09:30,3859.11,3468.50,2513.32,3311.20,4418.88,5216.76
05.03.2024 09:40,3875.07,3515.37,2525.79,3325.98,4436.86,5237.05
05.03.2024 09:50,3891.03,3518.59,2538.26,3340.76,4454.84,5257.34
05.03.2024 10:00,3906.99,3425.02,2550.73,3355.53,4472.82,5277.63
05.03.2024 10:10,3919.36,3434.19,2562.92,3368.25,4486.25,5291.58
05.03.2024 10:20,3931.73,3412.96,2575.12,3380.96,4499.68,5305.52
05.03.2024 10:30,3944.09,3262.90,2587.32,3393.68,4513.11,5319.47
05.03.2024 10:40,3956.46,3245.87,2599.52,3406.39,4526.54,5333.42
05.03.2024 10:50,3968.83,3408.56,2611.72,3419.11,4539.98,5347.37
05.03.2024 11:00,3981.20,3476.79,2623.91,3431.82,4553.41,5361.31
05.03.2024 11:10,3967.58,3501.29,2605.73,3415.15,4538.84,5348.25
05.03.2024 11:20,3953.97,3424.16,2587.56,3398.49,4524.26,5335.19
05.03.2024 11:30,3940.35,3399.64,2569.38,3381.82,4509.69,5322.13
05.03.2024 11:40,3926.73,3423.92,2551.20,3365.15,4495.12,5309.07
05.03.2024 11:50,3913.12,3454.52,2533.02,3348.48,4480.55,5296.01
05.03.2024 12:00,3899.50,3372.06,2514.84,3331.81,4465.98,5282.95
05.03.2024 12:10,3901.42,3415.71,2523.12,3336.76,4466.29,5279.93
05.03.2024 12:20,3903.34,3514.56,2531.40,3341.70,4466.61,5276.91
05.03.2024 12:30,3905.26,3594.63,2539.67,3346.64,4466.92,5273.88
05.03.2024 12:40,3907.17,3468.37,2547.95,3351.58,4467.23,5270.86
05.03.2024 12:50,3909.09,3286.15,2556.23,3356.52,4467.54,5267.84
05.03.2024 13:00,3911.01,3310.30,2564.50,3361.47,4467.86,5264.82
05.03.2024 13:10,3900.74,3288.66,2558.60,3352.92,4455.64,5249.96
05.03.2024 13:20,3890.47,3251.64,2552.69,3344.37,4443.42,5235.10
05.03.2024 13:30,3880.21,3265.03,2546.78,3335.82,4431.20,5220.24
05.03.2024 13:40,3869.94,3288.57,2540.88,3327.27,4418.99,5205.38
05.03.2024 13:50,3859.67,3262.15,2534.97,3318.72,4406.77,5190.52
05.03.2024 14:00,3849.40,3195.05,2529.07,3310.17,4394.55,5175.66
05.03.2024 14:10,3849.10,3071.98,2532.37,3311.66,4393.52,5172.82
05.03.2024 14:20,3848.79,2972.31,2535.67,3313.15,4392.50,5169.98
05.03.2024 14:30,3848.48,2903.34,2538.98,3314.64,4391.47,5167.14
05.03.2024 14:40,3848.18,2877.56,2542.28,3316.14,4390.45,5164.30
05.03.2024 14:50,3847.87,2891.62,2545.58,3317.63,4389.42,5161.46
05.03.2024 15:00,3847.57,2885.27,2548.89,3319.12,4388.39,5158.62
05.03.2024 15:10,3798.46,2838.38,2501.25,3269.96,4337.12,5105.83
05.03.2024 15:20,3749.35,2732.08,2453.61,3220.80,4285.86,5053.05
05.03.2024 15:30,3700.24,2693.13,2405.96,3171.64,4234.59,5000.26
05.03.2024 15:40,3651.13,2657.46,2358.32,3122.48,4183.32,4947.47
05.03.2024 15:50,3602.02,2597.59,2310.68,3073.32,4132.05,4894.69
05.03.2024 16:00,3552.91,2575.68,2263.04,3024.16,4080.78,4841.90
05.03.2024 16:10,3490.80,2526.55,2207.67,2965.68,4017.99,4776.01
05.03.2024 16:20,3428.69,2422.30,2152.29,2907.20,3955.20,4710.11
05.03.2024 16:30,3366.58,2377.88,2096.92,2848.72,3892.42,4644.22
05.03.2024 16:40,3304.46,2356.03,2041.55,2790.24,3829.63,4578.32
05.03.2024 16:50,3242.35,2381.90,1986.17,2731.76,3766.84,4512.43
05.03.2024 17:00,3180.24,2336.24,1930.80,2673.29,3704.05,4446.53
05.03.2024 17:10,3061.96,2251.80,1816.24,2555.91,3582.76,4322.43
05.03.2024 17:20,2943.68,2253.66,1701.67,2438.53,3461.48,4198.34
05.03.2024 17:30,2825.40,2229.85,1587.11,2321.15,3340.19,4074.24
05.03.2024 17:40,2707.12,2309.01,1472.54,2203.77,3218.91,3950.14
05.03.2024 17:50,2588.84,2362.65,1357.98,2086.40,3097.63,3826.04
05.03.2024 18:00,2470.56,2392.66,1243.41,1969.02,2976.34,3701.95
05.03.2024 18:10,2448.37,2388.42,1223.78,1948.45,2954.48,3679.14
05.03.2024 18:20,2426.17,2339.29,1204.14,1927.88,2932.61,3656.34
05.03.2024 18:30,2403.98,2332.09,1184.51,1907.31,2910.74,3633.54
05.03.2024 18:40,2381.78,2289.84,1164.87,1886.74,2888.88,3610.74
05.03.2024 18:50,2359.59,2278.67,1145.24,1866.17,2867.01,3587.94
05.03.2024 19:00,2337.39,2297.54,1125.60,1845.60,2845.14,3565.14
05.03.2024 19:10,2323.31,2287.46,1112.67,1832.15,2830.97,3550.45
05.03.2024 19:20,2309.22,2271.77,1099.74,1818.70,2816.80,3535.76
05.03.2024 19:30,2295.13,2266.33,1086.81,1805.25,2802.63,3521.06
05.03.2024 19:40,2281.05,2250.66,1073.88,1791.80,2788.45,3506.37
05.03.2024 19:50,2266.96,2238.95,1060.95,1778.35,2774.28,3491.68
05.03.2024 20:00,2252.88,2232.43,1048.02,1764.90,2760.11,3476.99
05.03.2024 20:10,2252.91,2227.05,1048.52,1765.71,2761.34,3478.53
05.03.2024 20:20,2252.94,2217.99,1049.03,1766.52,2762.57,3480.06
05.03.2024 20:30,2252.97,2188.98,1049.53,1767.32,2763.81,3481.60
05.03.2024 20:40,2253.00,2130.43,1050.04,1768.13,2765.04,3483.13
05.03.2024 20:50,2253.03,2087.77,1050.54,1768.94,2766.27,3484.67
05.03.2024 21:00,2253.06,2070.62,1051.05,1769.75,2767.50,3486.20
05.03.2024 21:10,2252.43,2096.89,1051.93,1771.48,2770.40,3489.95
05.03.2024 21:20,2251.81,2154.51,1052.81,1773.21,2773.30,3493.70
05.03.2024 21:30,2251.18,2116.37,1053.69,1774.93,2776.20,3497.45
05.03.2024 21:40,2250.56,2062.02,1054.57,1776.66,2779.11,3501.20
05.03.2024 21:50,2249.94,2003.87,1055.45,1778.38,2782.01,3504.94
05.03.2024 22:00,2249.31,1939.57,1056.33,1780.11,2784.91,3508.69
05.03.2024 22:10,2247.96,1908.78,1051.99,1776.45,2782.19,3506.64
05.03.2024 22:20,2246.60,1852.00,1047.66,1772.79,2779.46,3504.59
05.03.2024 22:30,2245.24,1813.69,1043.33,1769.13,2776.74,3502.54
05.03.2024 22:40,2243.89,1892.49,1039.00,1765.48,2774.02,3500.49
05.03.2024 22:50,2242.53,1928.42,1034.67,1761.82,2771.29,3498.44
05.03.2024 23:00,2241.18,1936.00,1030.33,1758.16,2768.57,3496.39
05.03.2024 23:10,2229.79,1921.59,1024.37,1751.54,2761.05,3488.23
05.03.2024 23:20,2218.40,1963.11,1018.41,1744.93,2753.53,3480.06
05.03.2024 23:30,2207.01,1950.53,1012.44,1738.32,2746.02,3471.89
05.03.2024 23:40,2195.62,1961.06,1006.48,1731.70,2738.50,3463.72
05.03.2024 23:50,2184.24,1982.26,1000.51,1725.09,2730.98,3455.56
06.03.2024 00:00,2172.85,1974.80,994.55,1718.47,2723.47,3447.39
06.03.2024 00:10,2157.94,1924.71,962.44,1686.27,2691.12,3414.94
06.03.2024 00:20,2143.03,1908.65,930.34,1654.06,2658.77,3382.49
06.03.2024 00:30,2128.12,1899.54,898.23,1621.85,2626.43,3350.05
06.03.2024 00:40,2113.21,1883.33,866.12,1589.64,2594.08,3317.60
06.03.2024 00:50,2098.30,1888.95,834.02,1557.44,2561.73,3285.15
06.03.2024 01:00,2083.40,1882.76,801.91,1525.23,2529.38,3252.70
06.03.2024 01:10,2064.19,1846.49,784.32,1507.27,2510.93,3233.88
06.03.2024 01:20,2044.99,1831.14,766.72,1489.32,2492.47,3215.06
06.03.2024 01:30,2025.79,1844.20,749.12,1471.36,2474.01,3196.24
06.03.2024 01:40,2006.59,1856.56,731.53,1453.40,2455.55,3177.42
06.03.2024 01:50,1987.39,1861.64,713.93,1435.44,2437.09,3158.60
06.03.2024 02:00,1968.19,1866.07,696.34,1417.49,2418.63,3139.78
06.03.2024 02:10,1944.57,1929.70,673.55,1394.95,2396.44,3117.84
06.03.2024 02:20,1920.96,1992.86,650.76,1372.41,2374.25,3095.90
06.03.2024 02:30,1897.35,1975.48,627.97,1349.88,2352.06,3073.96
06.03.2024 02:40,1873.74,1939.72,605.19,1327.34,2329.87,3052.03
06.03.2024 02:50,1850.12,1910.05,582.40,1304.80,2307.68,3030.09
06.03.2024 03:00,1826.51,1890.81,559.61,1282.26,2285.50,3008.15
06.03.2024 03:10,1810.93,1914.21,554.11,1276.56,2279.51,3001.96
06.03.2024 03:20,1795.34,1921.93,548.61,1270.86,2273.52,2995.77
06.03.2024 03:30,1779.75,1926.63,543.11,1265.15,2267.53,2989.58
06.03.2024 03:40,1764.17,1927.41,537.61,1259.45,2261.55,2983.39
06.03.2024 03:50,1748.58,1914.71,532.11,1253.74,2255.56,2977.20
06.03.2024 04:00,1733.00,1908.27,526.61,1248.04,2249.57,2971.01
06.03.2024 04:10,1742.94,1872.45,534.49,1255.60,2256.70,2977.82
06.03.2024 04:20,1752.89,1860.05,542.36,1263.17,2263.82,2984.63
06.03.2024 04:30,1762.83,1842.22,550.24,1270.73,2270.95,2991.44
06.03.2024 04:40,1772.78,1832.68,558.12,1278.29,2278.07,2998.25
06.03.2024 04:50,1782.72,1820.53,565.99,1285.85,2285.20,3005.06
06.03.2024 05:00,1792.67,1849.39,573.87,1293.41,2292.32,3011.86
06.03.2024 05:10,1783.53,1878.60,565.70,1285.10,2283.82,3003.22
06.03.2024 05:20,1774.39,1867.12,557.53,1276.79,2275.31,2994.57
06.03.2024 05:30,1765.25,1883.29,549.36,1268.48,2266.81,2985.93
06.03.2024 05:40,1756.12,1911.67,541.19,1260.17,2258.30,2977.28
06.03.2024 05:50,1746.98,1930.82,533.02,1251.86,2249.80,2968.64
06.03.2024 06:00,1737.84,1923.11,524.85,1243.55,2241.29,2959.99
06.03.2024 06:10,1732.32,1933.64,523.29,1241.09,2237.60,2955.40
06.03.2024 06:20,1726.81,1925.63,521.72,1238.64,2233.90,2950.81
06.03.2024 06:30,1721.29,1893.37,520.16,1236.18,2230.20,2946.22
06.03.2024 06:40,1715.78,1868.15,518.59,1233.72,2226.50,2941.63
06.03.2024 06:50,1710.26,1879.50,517.03,1231.26,2222.81,2937.04
06.03.2024 07:00,1704.74,1893.91,515.46,1228.80,2219.11,2932.45
06.03.2024 07:10,1700.87,1887.49,508.39,1220.87,2209.98,2922.47
06.03.2024 07:20,1697.00,1928.36,501.32,1212.94,2200.86,2912.48
06.03.2024 07:30,1693.13,1926.89,494.25,1205.01,2191.73,2902.49
06.03.2024 07:40,1689.25,1956.11,487.18,1197.08,2182.61,2892.51
06.03.2024 07:50,1685.38,2056.55,480.11,1189.15,2173.48,2882.52
06.03.2024 08:00,1681.51,2104.37,473.04,1181.22,2164.36,2872.54
06.03.2024 08:10,1679.77,2173.52,474.19,1182.50,2165.82,2874.13
06.03.2024 08:20,1678.04,2206.66,475.33,1183.78,2167.28,2875.72
06.03.2024 08:30,1676.30,2190.64,476.48,1185.05,2168.74,2877.32
06.03.2024 08:40,1674.57,2199.81,477.62,1186.33,2170.20,2878.91
06.03.2024 08:50,1672.83,2157.48,478.77,1187.61,2171.66,2880.50
06.03.2024 09:00,1671.10,2137.47,479.92,1188.89,2173.12,2882.10
06.03.2024 09:10,1698.04,2134.42,502.41,1212.40,2198.05,2908.05
06.03.2024 09:20,1724.98,2096.07,524.90,1235.91,2222.99,2934.00
06.03.2024 09:30,1751.92,2064.52,547.39,1259.43,2247.92,2959.95
06.03.2024 09:40,1778.86,2042.49,569.88,1282.94,2272.85,2985.90
06.03.2024 09:50,1805.81,1973.03,592.37,1306.45,2297.78,3011.86
06.03.2024 10:00,1832.75,1918.67,614.86,1329.96,2322.71,3037.81
06.03.2024 10:10,1829.14,1850.98,611.62,1326.98,2320.10,3035.47
06.03.2024 10:20,1825.54,1876.44,608.37,1324.00,2317.49,3033.13
06.03.2024 10:30,1821.93,1853.10,605.12,1321.03,2314.89,3030.79
06.03.2024 10:40,1818.33,1799.29,601.87,1318.05,2312.28,3028.45
06.03.2024 10:50,1814.72,1725.17,598.63,1315.07,2309.67,3026.11
06.03.2024 11:00,1811.12,1738.07,595.38,1312.09,2307.06,3023.77
06.03.2024 11:10,1806.97,1761.93,592.07,1309.24,2304.85,3022.01
06.03.2024 11:20,1802.82,1735.70,588.77,1306.39,2302.63,3020.25
06.03.2024 11:30,1798.66,1724.38,585.46,1303.54,2300.42,3018.50
06.03.2024 11:40,1794.51,1699.29,582.16,1300.69,2298.20,3016.74
06.03.2024 11:50,1790.36,1688.61,578.85,1297.84,2295.99,3014.98
06.03.2024 12:00,1786.21,1633.10,575.54,1294.99,2293.78,3013.22
06.03.2024 12:10,1781.71,1572.28,569.80,1289.40,2288.40,3008.01
06.03.2024 12:20,1777.21,1495.35,564.05,1283.82,2283.03,3002.80
06.03.2024 12:30,1772.70,1451.91,558.31,1278.23,2277.66,2997.58
06.03.2024 12:40,1768.20,1430.92,552.56,1272.64,2272.29,2992.37
06.03.2024 12:50,1763.70,1447.10,546.82,1267.05,2266.92,2987.15
06.03.2024 13:00,1759.20,1410.26,541.07,1261.46,2261.55,2981.94
06.03.2024 13:10,1774.33,1379.00,558.68,1279.27,2279.62,3000.21
06.03.2024 13:20,1789.47,1317.95,576.29,1297.07,2297.70,3018.48
06.03.2024 13:30,1804.61,1318.88,593.90,1314.87,2315.77,3036.74
06.03.2024 13:40,1819.74,1348.52,611.51,1332.68,2333.84,3055.01
06.03.2024 13:50,1834.88,1331.04,629.12,1350.48,2351.92,3073.28
06.03.2024 14:00,1850.01,1365.57,646.73,1368.29,2369.99,3091.54
06.03.2024 14:10,1847.92,1397.44,639.55,1361.74,2364.33,3086.52
06.03.2024 14:20,1845.82,1395.11,632.37,1355.20,2358.67,3081.50
06.03.2024 14:30,1843.73,1374.55,625.19,1348.65,2353.01,3076.48
06.03.2024 14:40,1841.63,1375.71,618.01,1342.11,2347.35,3071.46
06.03.2024 14:50,1839.53,1358.85,610.82,1335.57,2341.69,3066.43
06.03.2024 15:00,1837.44,1406.65,603.64,1329.02,2336.03,3061.41
06.03.2024 15:10,1830.84,1426.73,599.77,1324.90,2331.55,3056.68
06.03.2024 15:20,1824.25,1450.88,595.90,1320.77,2327.07,3051.94
06.03.2024 15:30,1817.65,1427.31,592.03,1316.64,2322.59,3047.21
06.03.2024 15:40,1811.06,1399.34,588.16,1312.52,2318.11,3042.47
06.03.2024 15:50,1804.47,1377.07,584.29,1308.39,2313.63,3037.74
06.03.2024 16:00,1797.87,1441.29,580.42,1304.27,2309.15,3033.00
06.03.2024 16:10,1800.47,1514.56,581.86,1305.33,2309.70,3033.17
06.03.2024 16:20,1803.07,1501.44,583.30,1306.40,2310.25,3033.35
06.03.2024 16:30,1805.67,1455.21,584.73,1307.46,2310.79,3033.52
06.03.2024 16:40,1808.27,1481.03,586.17,1308.52,2311.34,3033.69
06.03.2024 16:50,1810.87,1500.72,587.61,1309.59,2311.88,3033.86
06.03.2024 17:00,1813.47,1500.63,589.05,1310.65,2312.43,3034.03
06.03.2024 17:10,1785.33,1542.08,563.57,1284.10,2284.37,3004.90
06.03.2024 17:20,1757.18,1543.42,538.10,1257.54,2256.32,2975.76
06.03.2024 17:30,1729.04,1507.60,512.62,1230.99,2228.27,2946.63
06.03.2024 17:40,1700.89,1484.62,487.15,1204.44,2200.21,2917.50
06.03.2024 17:50,1672.75,1504.93,461.68,1177.88,2172.16,2888.36
06.03.2024 18:00,1644.61,1543.11,436.20,1151.33,2144.11,2859.23
06.03.2024 18:10,1625.67,1546.65,421.44,1134.86,2125.27,2838.69
06.03.2024 18:20,1606.74,,406.68,1118.39,2106.43,2818.14
06.03.2024 18:30,1587.81,,391.92,1101.92,2087.59,2797.59
06.03.2024 18:40,1568.88,,377.16,1085.45,2068.75,2777.05
06.03.2024 18:50,1549.95,,362.40,1068.99,2049.92,2756.50
06.03.2024 19:00,1531.01,,347.63,1052.52,2031.08,2735.96
06.03.2024 19:10,1509.72,,323.89,1028.63,2006.99,2711.72
06.03.2024 19:20,1488.42,,300.14,1004.73,1982.89,2687.49
06.03.2024 19:30,1467.12,,276.39,980.84,1958.80,2663.25
06.03.2024 19:40,1445.83,,252.65,956.95,1934.71,2639.02
06.03.2024 19:50,1424.53,,228.90,933.06,1910.62,2614.78
06.03.2024 20:00,1403.23,,205.15,909.17,1886.53,2590.55
06.03.2024 20:10,1424.21,,227.56,932.13,1910.27,2614.84
06.03.2024 20:20,1445.18,,249.96,955.09,1934.00,2639.14
06.03.2024 20:30,1466.15,,272.36,978.06,1957.74,2663.43
06.03.2024 20:40,1487.13,,294.77,1001.02,1981.48,2687.73
06.03.2024 20:50,1508.10,,317.17,1023.98,2005.22,2712.03
06.03.2024 21:00,1529.07,,339.57,1046.94,2028.95,2736.32
06.03.2024 21:10,1517.16,,324.98,1032.44,2014.57,2722.03
06.03.2024 21:20,1505.25,,310.39,1017.93,2000.19,2707.74
06.03.2024 21:30,1493.34,,295.79,1003.43,1985.81,2693.45
06.03.2024 21:40,1481.42,,281.20,988.92,1971.43,2679.16
06.03.2024 21:50,1469.51,,266.60,974.42,1957.05,2664.87
06.03.2024 22:00,1457.60,,252.01,959.91,1942.67,2650.58
06.03.2024 22:10,1422.54,,219.63,927.09,1909.22,2616.68
06.03.2024 22:20,1387.48,,187.26,894.27,1875.77,2582.78
06.03.2024 22:30,1352.42,,154.89,861.44,1842.32,2548.88
06.03.2024 22:40,1317.36,,122.51,828.62,1808.87,2514.98
06.03.2024 22:50,1282.30,,90.14,795.79,1775.42,2481.07
06.03.2024 23:00,1247.24,,57.76,762.97,1741.97,2447.17
06.03.2024 23:10,1257.02,,56.09,761.49,1740.77,2446.17
06.03.2024 23:20,1266.81,,54.41,760.01,1739.57,2445.17
06.03.2024 23:30,1276.60,,52.74,758.54,1738.37,2444.17
06.03.2024 23:40,1286.38,,51.07,757.06,1737.17,2443.17
06.03.2024 23:50,1296.17,,49.39,755.59,1735.97,2442.17
07.03.2024 00:00,1305.96,,47.72,754.11,1734.77,2441.16
07.03.2024 00:10,1258.18,,39.76,721.86,1701.83,2407.73
07.03.2024 00:20,1210.39,,31.81,689.61,1668.89,2374.29
07.03.2024 00:30,1162.61,,23.86,657.36,1635.95,2340.85
07.03.2024 00:40,1114.83,,15.91,625.11,1603.01,2307.42
07.03.2024 00:50,1067.05,,7.95,592.86,1570.07,2273.98
07.03.2024 01:00,1019.27,,0.00,560.61,1537.13,2240.55
07.03.2024 01:10,1032.11,,0.00,547.48,1523.59,2226.71
07.03.2024 01:20,1044.95,,0.00,534.34,1510.05,2212.87
07.03.2024 01:30,1057.79,,0.00,521.21,1496.50,2199.04
07.03.2024 01:40,1070.63,,0.00,508.07,1482.96,2185.20
07.03.2024 01:50,1083.47,,0.00,494.94,1469.42,2171.37
07.03.2024 02:00,1096.30,,0.00,481.80,1455.88,2157.53
07.03.2024 02:10,1072.01,,0.00,482.27,1456.47,2158.21
07.03.2024 02:20,1047.71,,0.00,482.73,1457.06,2158.89
07.03.2024 02:30,1023.42,,0.00,483.20,1457.65,2159.57
07.03.2024 02:40,999.12,,0.00,483.66,1458.24,2160.26
07.03.2024 02:50,974.82,,0.00,484.13,1458.83,2160.94
07.03.2024 03:00,950.53,,0.00,484.59,1459.42,2161.62
07.03.2024 03:10,956.37,,0.00,487.59,1463.51,2166.50
07.03.2024 03:20,962.21,,0.00,490.58,1467.60,2171.37
07.03.2024 03:30,968.04,,0.00,493.57,1471.69,2176.25
07.03.2024 03:40,973.88,,0.00,496.57,1475.78,2181.13
07.03.2024 03:50,979.72,,0.00,499.56,1479.87,2186.01
07.03.2024 04:00,985.56,,0.00,502.55,1483.95,2190.88
07.03.2024 04:10,972.78,,0.00,491.42,1471.76,2177.92
07.03.2024 04:20,960.00,,0.00,480.28,1459.56,2164.96
07.03.2024 04:30,947.22,,0.00,469.14,1447.36,2152.00
07.03.2024 04:40,934.44,,0.00,458.00,1435.17,2139.04
07.03.2024 04:50,921.66,,0.00,446.86,1422.97,2126.08
07.03.2024 05:00,908.88,,0.00,435.72,1410.77,2113.12
07.03.2024 05:10,899.48,,0.00,424.43,1399.21,2101.37
07.03.2024 05:20,890.07,,0.00,413.13,1387.65,2089.62
07.03.2024 05:30,880.66,,0.00,401.84,1376.09,2077.87
07.03.2024 05:40,871.25,,0.00,390.54,1364.53,2066.12
07.03.2024 05:50,861.85,,0.00,379.25,1352.97,2054.37
07.03.2024 06:00,852.44,,0.00,367.95,1341.41,2042.62
07.03.2024 06:10,840.27,,0.00,354.76,1327.90,2028.88
07.03.2024 06:20,828.11,,0.00,341.57,1314.39,2015.14
07.03.2024 06:30,815.94,,0.00,328.37,1300.88,2001.40
07.03.2024 06:40,803.77,,0.00,315.18,1287.36,1987.66
07.03.2024 06:50,791.60,,0.00,301.98,1273.85,1973.91
07.03.2024 07:00,779.44,,0.00,288.79,1260.34,1960.17
07.03.2024 07:10,776.90,,0.00,290.68,1261.73,1961.20
07.03.2024 07:20,774.37,,0.00,292.57,1263.12,1962.24
07.03.2024 07:30,771.83,,0.00,294.47,1264.52,1963.27
07.03.2024 07:40,769.29,,0.00,296.36,1265.91,1964.30
07.03.2024 07:50,766.76,,0.00,298.25,1267.30,1965.33
07.03.2024 08:00,764.22,,0.00,300.14,1268.69,1966.37
07.03.2024 08:10,750.15,,0.00,282.81,1250.74,1947.96
07.03.2024 08:20,736.07,,0.00,265.49,1232.79,1929.56
07.03.2024 08:30,721.99,,0.00,248.16,1214.84,1911.16
07.03.2024 08:40,707.92,,0.00,230.83,1196.88,1892.76
07.03.2024 08:50,693.84,,0.00,213.50,1178.93,1874.36
07.03.2024 09:00,679.76,,0.00,196.17,1160.98,1855.95
07.03.2024 09:10,676.97,,0.00,192.28,1157.36,1852.53
07.03.2024 09:20,674.18,,0.00,188.40,1153.75,1849.11
07.03.2024 09:30,671.38,,0.00,184.51,1150.13,1845.69
07.03.2024 09:40,668.59,,0.00,180.63,1146.51,1842.26
07.03.2024 09:50,665.79,,0.00,176.74,1142.90,1838.84
07.03.2024 10:00,663.00,,0.00,172.86,1139.28,1835.42
07.03.2024 10:10,666.99,,0.00,175.52,1141.82,1837.87
07.03.2024 10:20,670.98,,0.00,178.19,1144.36,1840.31
07.03.2024 10:30,674.97,,0.00,180.85,1146.89,1842.76
07.03.2024 10:40,678.97,,0.00,183.52,1149.43,1845.21
07.03.2024 10:50,682.96,,0.00,186.18,1151.97,1847.66
07.03.2024 11:00,686.95,,0.00,188.84,1154.51,1850.10
07.03.2024 11:10,691.41,,0.00,194.42,1160.09,1855.69
07.03.2024 11:20,695.86,,0.00,200.00,1165.68,1861.28
07.03.2024 11:30,700.32,,0.00,205.58,1171.26,1866.86
07.03.2024 11:40,704.78,,0.00,211.16,1176.84,1872.45
07.03.2024 11:50,709.23,,0.00,216.74,1182.43,1878.03
07.03.2024 12:00,713.69,,0.00,222.32,1188.01,1883.62
07.03.2024 12:10,719.94,,0.00,230.49,1196.52,1892.38
07.03.2024 12:20,726.18,,0.00,238.65,1205.04,1901.15
07.03.2024 12:30,732.42,,0.00,246.82,1213.55,1909.91
07.03.2024 12:40,738.67,,0.00,254.98,1222.07,1918.68
07.03.2024 12:50,744.91,,0.00,263.15,1230.58,1927.44
07.03.2024 13:00,751.16,,0.00,271.32,1239.09,1936.21
07.03.2024 13:10,765.44,,0.00,285.94,1254.16,1951.59
07.03.2024 13:20,779.73,,0.00,300.57,1269.23,1966.98
07.03.2024 13:30,794.02,,0.00,315.19,1284.29,1982.36
07.03.2024 13:40,808.31,,0.00,329.81,1299.36,1997.75
07.03.2024 13:50,822.60,,0.00,344.44,1314.43,2013.13
07.03.2024 14:00,836.88,,0.00,359.06,1329.49,2028.52
07.03.2024 14:10,846.29,,0.00,368.38,1339.52,2039.06
07.03.2024 14:20,855.69,,0.00,377.69,1349.55,2049.61
07.03.2024 14:30,865.09,,0.00,387.01,1359.59,2060.16
07.03.2024 14:40,874.49,,0.00,396.33,1369.62,2070.70
07.03.2024 14:50,883.89,,0.00,405.64,1379.65,2081.25
07.03.2024 15:00,893.30,,0.00,414.96,1389.68,2091.80
07.03.2024 15:10,909.33,,0.00,430.68,1406.00,2108.54
07.03.2024 15:20,925.37,,0.00,446.40,1422.31,2125.29
07.03.2024 15:30,941.41,,0.00,462.11,1438.63,2142.04
07.03.2024 15:40,957.44,,0.00,477.83,1454.94,2158.78
07.03.2024 15:50,973.48,,0.00,493.55,1471.26,2175.53
07.03.2024 16:00,989.51,,0.00,509.27,1487.58,2192.27
07.03.2024 16:10,1007.94,,0.00,526.45,1505.25,2210.31
07.03.2024 16:20,1026.37,,0.00,543.62,1522.92,2228.34
07.03.2024 16:30,1044.80,,0.00,560.79,1540.60,2246.37
07.03.2024 16:40,1063.23,,0.00,577.97,1558.27,2264.41
07.03.2024 16:50,1081.66,,0.00,595.14,1575.94,2282.44
07.03.2024 17:00,1100.08,,0.00,612.32,1593.62,2300.48
07.03.2024 17:10,1089.43,,0.00,602.94,1584.25,2291.11
07.03.2024 17:20,1078.77,,0.00,593.56,1574.88,2281.74
07.03.2024 17:30,1068.11,,0.00,584.19,1565.51,2272.38
07.03.2024 17:40,1057.46,,0.00,574.81,1556.14,2263.01
07.03.2024 17:50,1046.80,,0.00,565.43,1546.77,2253.65
07.03.2024 18:00,1036.15,,0.00,556.06,1537.40,2244.28
07.03.2024 18:10,1040.98,,0.00,562.58,1543.23,2249.62
07.03.2024 18:20,1045.81,,0.00,569.10,1549.06,2254.95
07.03.2024 18:30,1050.65,,0.00,575.61,1554.89,2260.29
07.03.2024 18:40,1055.48,,0.00,582.13,1560.72,2265.62
07.03.2024 18:50,1060.32,,0.00,588.65,1566.55,2270.96
07.03.2024 19:00,1065.15,,0.00,595.17,1572.38,2276.29
07.03.2024 19:10,1080.01,,0.00,608.23,1586.04,2290.39
07.03.2024 19:20,1094.87,,0.00,621.28,1599.70,2304.49
07.03.2024 19:30,1109.73,,0.00,634.34,1613.36,2318.58
07.03.2024 19:40,1124.59,,0.00,647.40,1627.02,2332.68
07.03.2024 19:50,1139.45,,0.00,660.45,1640.68,2346.77
07.03.2024 20:00,1154.31,,0.00,673.51,1654.34,2360.87
07.03.2024 20:10,1174.31,,13.78,693.26,1674.75,2381.74
07.03.2024 20:20,1194.31,,27.57,713.01,1695.15,2402.61
07.03.2024 20:30,1214.31,,41.35,732.77,1715.55,2423.48
07.03.2024 20:40,1234.31,,55.13,752.52,1735.96,2444.35
07.03.2024 20:50,1254.32,,68.91,772.28,1756.36,2465.22
07.03.2024 21:00,1274.32,,82.70,792.03,1776.76,2486.10
07.03.2024 21:10,1273.55,,80.08,790.06,1775.69,2485.67
07.03.2024 21:20,1272.78,,77.46,788.09,1774.62,2485.24
07.03.2024 21:30,1272.01,,74.84,786.11,1773.54,2484.81
07.03.2024 21:40,1271.25,,72.22,784.14,1772.47,2484.39
07.03.2024 21:50,1270.48,,69.60,782.17,1771.39,2483.96
07.03.2024 22:00,1269.71,,66.99,780.20,1770.32,2483.53
07.03.2024 22:10,1269.91,,62.82,776.14,1766.42,2479.74
07.03.2024 22:20,1270.10,,58.65,772.09,1762.52,2475.95
07.03.2024 22:30,1270.29,,54.48,768.03,1758.62,2472.16
07.03.2024 22:40,1270.48,,50.31,763.97,1754.72,2468.37
07.03.2024 22:50,1270.68,,46.15,759.92,1750.81,2464.58
07.03.2024 23:00,1270.87,,41.98,755.86,1746.91,2460.79
07.03.2024 23:10,1280.23,,54.40,768.41,1759.66,2473.68
07.03.2024 23:20,1289.60,,66.81,780.97,1772.40,2486.56
07.03.2024 23:30,1298.96,,79.23,793.52,1785.15,2499.44
07.03.2024 23:40,1308.33,,91.65,806.08,1797.89,2512.32
07.03.2024 23:50,1317.69,,104.07,818.63,1810.64,2525.20
08.03.2024 00:00,1327.06,,116.48,831.19,1823.38,2538.08
08.03.2024 00:10,1316.26,,106.29,821.00,1813.19,2527.90
08.03.2024 00:20,1305.46,,96.10,810.81,1803.01,2517.71
08.03.2024 00:30,1294.66,,85.91,800.62,1792.82,2507.53
08.03.2024 00:40,1283.86,,75.72,790.43,1782.63,2497.34
08.03.2024 00:50,1273.06,,65.52,780.24,1772.44,2487.16
08.03.2024 01:00,1262.26,,55.33,770.05,1762.26,2476.97
08.03.2024 01:10,1272.01,,63.09,778.27,1771.12,2486.29
08.03.2024 01:20,1281.75,,70.85,786.48,1779.98,2495.61
08.03.2024 01:30,1291.50,,78.60,794.70,1788.84,2504.94
08.03.2024 01:40,1301.25,,86.36,802.92,1797.70,2514.26
08.03.2024 01:50,1311.00,,94.12,811.14,1806.56,2523.58
08.03.2024 02:00,1320.75,,101.87,819.36,1815.42,2532.90
08.03.2024 02:10,1344.85,,129.56,847.61,1844.45,2562.50
08.03.2024 02:20,1368.96,,157.24,875.85,1873.48,2592.09
08.03.2024 02:30,1393.06,,184.92,904.10,1902.50,2621.68
08.03.2024 02:40,1417.17,,212.61,932.35,1931.53,2651.27
08.03.2024 02:50,1441.27,,240.29,960.59,1960.56,2680.87
08.03.2024 03:00,1465.38,,267.97,988.84,1989.59,2710.46
08.03.2024 03:10,1466.25,,266.93,987.72,1988.37,2709.16
08.03.2024 03:20,1467.12,,265.88,986.60,1987.15,2707.87
08.03.2024 03:30,1467.99,,264.84,985.48,1985.93,2706.57
08.03.2024 03:40,1468.86,,263.79,984.36,1984.70,2705.27
08.03.2024 03:50,1469.74,,262.75,983.24,1983.48,2703.98
08.03.2024 04:00,1470.61,,261.70,982.13,1982.26,2702.68
08.03.2024 04:10,1492.30,,284.84,1005.79,2006.64,2727.58
08.03.2024 04:20,1513.98,,307.99,1029.45,2031.02,2752.48
08.03.2024 04:30,1535.67,,331.13,1053.11,2055.40,2777.37
08.03.2024 04:40,1557.36,,354.27,1076.77,2079.78,2802.27
08.03.2024 04:50,1579.05,,377.42,1100.43,2104.16,2827.17
08.03.2024 05:00,1600.74,,400.56,1124.09,2128.53,2852.06
08.03.2024 05:10,1628.74,,428.05,1151.97,2156.96,2880.88
08.03.2024 05:20,1656.74,,455.53,1179.85,2185.38,2909.69
08.03.2024 05:30,1684.74,,483.02,1207.72,2213.80,2938.50
08.03.2024 05:40,1712.75,,510.51,1235.60,2242.22,2967.32
08.03.2024 05:50,1740.75,,538.00,1263.48,2270.64,2996.13
08.03.2024 06:00,1768.75,,565.48,1291.36,2299.07,3024.94
08.03.2024 06:10,1788.21,,580.45,1306.84,2315.26,3041.65
08.03.2024 06:20,1807.67,,595.42,1322.32,2331.45,3058.36
08.03.2024 06:30,1827.12,,610.39,1337.81,2347.65,3075.06
08.03.2024 06:40,1846.58,,625.36,1353.29,2363.84,3091.77
08.03.2024 06:50,1866.04,,640.33,1368.77,2380.03,3108.48
08.03.2024 07:00,1885.50,,655.29,1384.25,2396.23,3125.18
08.03.2024 07:10,1905.34,,675.32,1404.28,2416.27,3145.24
08.03.2024 07:20,1925.19,,695.34,1424.31,2436.32,3165.29
08.03.2024 07:30,1945.04,,715.36,1444.35,2456.37,3185.35
08.03.2024 07:40,1964.89,,735.38,1464.38,2476.41,3205.41
08.03.2024 07:50,1984.73,,755.40,1484.41,2496.46,3225.46
08.03.2024 08:00,2004.58,,775.43,1504.44,2516.50,3245.52
08.03.2024 08:10,2027.75,,794.81,1525.71,2540.38,3271.28
08.03.2024 08:20,2050.92,,814.20,1546.98,2564.26,3297.04
08.03.2024 08:30,2074.09,,833.59,1568.24,2588.14,3322.79
08.03.2024 08:40,2097.26,,852.97,1589.51,2612.02,3348.55
08.03.2024 08:50,2120.43,,872.36,1610.78,2635.89,3374.31
08.03.2024 09:00,2143.60,,891.75,1632.04,2659.77,3400.07
08.03.2024 09:10,2169.97,,912.66,1656.24,2688.53,3432.12
08.03.2024 09:20,2196.35,,933.57,1680.44,2717.30,3464.17
08.03.2024 09:30,2222.72,,954.48,1704.64,2746.06,3496.22
08.03.2024 09:40,2249.10,,975.39,1728.84,2774.83,3528.28
08.03.2024 09:50,2275.47,,996.30,1753.04,2803.59,3560.33
08.03.2024 10:00,2301.84,,1017.21,1777.24,2832.35,3592.38
08.03.2024 10:10,2326.66,,1033.58,1796.16,2854.81,3617.39
08.03.2024 10:20,2351.48,,1049.96,1815.08,2877.28,3642.40
08.03.2024 10:30,2376.29,,1066.33,1834.01,2899.74,3667.41
08.03.2024 10:40,2401.11,,1082.71,1852.93,2922.20,3692.42
08.03.2024 10:50,2425.92,,1099.08,1871.85,2944.66,3717.43
08.03.2024 11:00,2450.74,,1115.45,1890.78,2967.12,3742.44
08.03.2024 11:10,2472.93,,1138.45,1913.34,2989.10,3764.00
08.03.2024 11:20,2495.11,,1161.44,1935.91,3011.09,3785.56
08.03.2024 11:30,2517.30,,1184.43,1958.48,3033.07,3807.12
08.03.2024 11:40,2539.48,,1207.42,1981.05,3055.05,3828.68
08.03.2024 11:50,2561.67,,1230.41,2003.62,3077.03,3850.23
08.03.2024 12:00,2583.86,,1253.41,2026.19,3099.01,3871.79
08.03.2024 12:10,2597.72,,1269.65,2043.64,3118.12,3892.11
08.03.2024 12:20,2611.58,,1285.90,2061.09,3137.24,3912.42
08.03.2024 12:30,2625.45,,1302.15,2078.53,3156.35,3932.74
08.03.2024 12:40,2639.31,,1318.40,2095.98,3175.47,3953.05
08.03.2024 12:50,2653.17,,1334.65,2113.43,3194.58,3973.37
08.03.2024 13:00,2667.04,,1350.90,2130.88,3213.70,3993.68
08.03.2024 13:10,2703.83,,1383.16,2165.77,3252.22,4034.83
08.03.2024 13:20,2740.63,,1415.43,2200.65,3290.75,4075.97
08.03.2024 13:30,2777.42,,1447.70,2235.54,3329.27,4117.11
08.03.2024 13:40,2814.21,,1479.96,2270.43,3367.79,4158.26
08.03.2024 13:50,2851.01,,1512.23,2305.31,3406.32,4199.40
08.03.2024 14:00,2887.80,,1544.49,2340.20,3444.84,4240.54
08.03.2024 14:10,2926.55,,1569.22,2373.11,3489.12,4293.00
08.03.2024 14:20,2965.31,,1593.94,2406.02,3533.39,4345.46
08.03.2024 14:30,3004.06,,1618.67,2438.93,3577.66,4397.93
08.03.2024 14:40,3042.81,,1643.39,2471.84,3621.94,4450.39
08.03.2024 14:50,3081.57,,1668.11,2504.75,3666.21,4502.85
08.03.2024 15:00,3120.32,,1692.84,2537.66,3710.49,4555.31
08.03.2024 15:10,3165.43,,1720.53,2575.73,3762.99,4618.20
08.03.2024 15:20,3210.55,,1748.21,2613.81,3815.49,4681.09
08.03.2024 15:30,3255.66,,1775.90,2651.89,3867.99,4743.98
08.03.2024 15:40,3300.78,,1803.59,2689.97,3920.49,4806.87
08.03.2024 15:50,3345.89,,1831.28,2728.05,3972.99,4869.76
08.03.2024 16:00,3391.00,,1858.97,2766.13,4025.49,4932.65
08.03.2024 16:10,3419.82,,1870.34,2787.77,4061.40,4978.83
08.03.2024 16:20,3448.64,,1881.71,2809.41,4097.31,5025.02
08.03.2024 16:30,3477.46,,1893.08,2831.06,4133.22,5071.20
08.03.2024 16:40,3506.27,,1904.44,2852.70,4169.13,5117.39
08.03.2024 16:50,3535.09,,1915.81,2874.35,4205.04,5163.57
08.03.2024 17:00,3563.91,,1927.18,2895.99,4240.95,5209.76
08.03.2024 17:10,3555.87,,1924.36,2889.97,4230.50,5196.11
08.03.2024 17:20,3547.83,,1921.54,2883.96,4220.05,5182.47
08.03.2024 17:30,3539.78,,1918.72,2877.94,4209.60,5168.82
08.03.2024 17:40,3531.74,,1915.89,2871.93,4199.15,5155.18
08.03.2024 17:50,3523.70,,1913.07,2865.91,4188.70,5141.54
08.03.2024 18:00,3515.66,,1910.25,2859.90,4178.25,5127.89
08.03.2024 18:10,3456.22,,1887.38,2815.38,4103.69,5031.70
08.03.2024 18:20,3396.79,,1864.51,2770.87,4029.14,4935.50
08.03.2024 18:30,3337.35,,1841.64,2726.36,3954.58,4839.30
08.03.2024 18:40,3277.92,,1818.77,2681.85,3880.03,4743.11
08.03.2024 18:50,3218.48,,1795.90,2637.34,3805.47,4646.91
08.03.2024 19:00,3159.04,,1773.03,2592.83,3730.92,4550.72
08.03.2024 19:10,3150.61,,1757.64,2579.90,3721.40,4543.66
08.03.2024 19:20,3142.18,,1742.25,2566.97,3711.89,4536.60
08.03.2024 19:30,3133.75,,1726.87,2554.04,3702.37,4529.55
08.03.2024 19:40,3125.32,,1711.48,2541.11,3692.86,4522.49
08.03.2024 19:50,3116.88,,1696.09,2528.18,3683.34,4515.43
08.03.2024 20:00,3108.45,,1680.70,2515.25,3673.82,4508.38
08.03.2024 20:10,3110.21,,1687.75,2519.31,3673.73,4505.29
08.03.2024 20:20,3111.97,,1694.79,2523.36,3673.63,4502.20
08.03.2024 20:30,3113.74,,1701.84,2527.42,3673.53,4499.11
08.03.2024 20:40,3115.50,,1708.88,2531.47,3673.44,4496.03
08.03.2024 20:50,3117.26,,1715.93,2535.53,3673.34,4492.94
08.03.2024 21:00,3119.02,,1722.97,2539.58,3673.24,4489.85
08.03.2024 21:10,3086.30,,1699.59,2511.07,3637.61,4449.09
08.03.2024 21:20,3053.57,,1676.21,2482.56,3601.97,4408.32
08.03.2024 21:30,3020.84,,1652.83,2454.04,3566.34,4367.55
08.03.2024 21:40,2988.12,,1629.45,2425.53,3530.70,4326.79
08.03.2024 21:50,2955.39,,1606.06,2397.02,3495.07,4286.02
08.03.2024 22:00,2922.67,,1582.68,2368.50,3459.43,4245.26
08.03.2024 22:10,2899.23,,1560.99,2345.63,3434.92,4219.56
08.03.2024 22:20,2875.79,,1539.31,2322.76,3410.41,4193.86
08.03.2024 22:30,2852.35,,1517.62,2299.89,3385.89,4168.17
08.03.2024 22:40,2828.91,,1495.93,2277.02,3361.38,4142.47
08.03.2024 22:50,2805.47,,1474.25,2254.15,3336.87,4116.78
08.03.2024 23:00,2782.03,,1452.56,2231.28,3312.36,4091.08
08.03.2024 23:10,2782.03,,1444.01,2220.17,3297.69,4073.85
08.03.2024 23:20,2782.03,,1435.46,2209.06,3283.02,4056.62
08.03.2024 23:30,2782.03,,1426.92,2197.95,3268.35,4039.39
08.03.2024 23:40,2782.03,,1418.37,2186.84,3253.68,4022.16
08.03.2024 23:50,2782.03,,1409.82,2175.73,3239.02,4004.93
